,Provinsi,Tahun,IPM,Inflasi,Kemiskinan,PDRBK_ADHB,PDRBK_ADHK,PDRB_ADHB,PDRB_ADHK,Pengangguran,Upah Minimum,PDRB_ADHK_YoY,PDRB_ADHB_YoY,PDRBK_ADHK_YoY,PDRBK_ADHB_YoY,PDRB_ADHK_Pct,PDRB_ADHB_Pct,PDRBK_ADHK_Pct,PDRBK_ADHB_Pct
0,Aceh,2010,71.7,6.96,20.98,22450.14,22450.14,101545.24,101545.24,8.37,1300000.0,,,,,29.57866858160953,63.840589672150074,11.439305055558671,40.90504558100752
1,Aceh,2011,72.16,3.79,19.57,23428.63,22704.8,108217.63,104874.21,9.0,1350000.0,3.278312208430445,6.570854527499259,1.1343359106001039,4.3585028868416975,29.57866858160953,63.840589672150074,11.439305055558671,40.90504558100752
2,Aceh,2012,67.81,4.3,19.46,24294.69,23099.13,114552.08,108914.9,9.06,1400000.0,3.8528919550383067,5.8534362654218075,1.7367693175011523,3.69658831950479,29.57866858160953,63.840589672150074,11.439305055558671,40.90504558100752
3,Aceh,2013,68.3,8.38,17.72,25218.83,23228.59,121331.13,111755.83,10.12,1550000.0,2.6083942601058396,5.917875956508167,0.5604540084410026,3.8038764849438467,29.57866858160953,63.840589672150074,11.439305055558671,40.90504558100752
4,Aceh,2014,68.81,8.36,16.98,26065.08,23129.04,127897.07,113490.36,9.02,1750000.0,1.5520711536928244,5.411587281845964,-0.4285666930278542,3.3556275211815922,29.57866858160953,63.840589672150074,11.439305055558671,40.90504558100752
5,Aceh,2015,69.45,3.35,17.11,25808.45,22524.31,129092.66,112665.53,9.93,1900000.0,-0.7267841955915899,0.9348064033054104,-2.614591872382077,-0.9845739970872902,29.57866858160953,63.840589672150074,11.439305055558671,40.90504558100752
6,Aceh,2016,70.0,3.02,16.43,26851.88,22835.29,136843.82,116374.3,7.57,2118500.0,3.2918409028919626,6.00433827918645,1.380641626757928,4.04297817187782,29.57866858160953,63.840589672150074,11.439305055558671,40.90504558100752
7,Aceh,2017,70.6,3.61,15.92,28096.71,23362.9,145806.92,121240.98,6.57,2500000.0,4.181919891247454,6.549875617327849,2.310502735021114,4.635913760973143,29.57866858160953,63.840589672150074,11.439305055558671,40.90504558100752
8,Aceh,2018,71.19,3.13,15.68,29521.25,24013.79,155910.98,126824.37,6.34,2700000.0,4.605200320881608,6.9297534026505625,2.7859983135655186,5.070130986866439,29.57866858160953,63.840589672150074,11.439305055558671,40.90504558100752
9,Aceh,2019,71.9,2.72,15.32,30879.06,24842.3,164162.98,132069.62,6.17,2916810.0,4.135837615436211,5.292763857939953,3.450142605561224,4.599432612101451,29.57866858160953,63.840589672150074,11.439305055558671,40.90504558100752
10,Aceh,2020,71.99,1.68,14.99,31633.38,25018.28,166372.32,131580.97,6.59,3165031.0,-0.3699942500023812,1.345821085850174,0.7083885147510571,2.442820474457452,29.57866858160953,63.840589672150074,11.439305055558671,40.90504558100752
11,Bali,2010,72.28,6.96,4.88,23992.63,23992.63,93749.35,93749.35,3.06,829316.0,,,,,57.333293510835006,139.1757596186,42.61262729429827,116.79761660143133
12,Bali,2011,72.84,3.79,4.2,26433.49,25265.96,104612.19,99991.63,2.95,890000.0,6.6584781654486225,11.587109670627038,5.30717141055399,10.173374073621776,57.333293510835006,139.1757596186,42.61262729429827,116.79761660143133
13,Bali,2012,71.62,4.3,4.18,29443.59,26689.58,117987.4,106951.46,2.1,967500.0,6.960412586533504,12.785517634225974,5.634537535878326,11.387448271113643,57.333293510835006,139.1757596186,42.61262729429827,116.79761660143133
14,Bali,2013,72.09,8.38,4.49,33135.15,28129.67,134407.53,114103.58,1.83,1181000.0,6.687257939255797,13.916850443352423,5.395701243706341,12.537737415851801,57.333293510835006,139.1757596186,42.61262729429827,116.79761660143133
15,Bali,2014,72.48,8.36,4.76,38099.86,29668.9,156395.73,121787.57,1.9,1542600.0,6.734223413498519,16.359351295273417,5.471909197655012,14.983212691054671,57.333293510835006,139.1757596186,42.61262729429827,116.79761660143133
16,Bali,2015,73.27,3.35,5.25,42480.08,31093.61,176412.67,129126.56,1.99,1621172.0,6.026058324342953,12.798904420216584,4.8020317571598525,11.496682664975676,57.333293510835006,139.1757596186,42.61262729429827,116.79761660143133
17,Bali,2016,73.65,3.02,4.15,46211.04,32689.09,194089.58,137296.45,1.89,1807600.0,6.327040695578057,10.020204331128802,5.131215063159278,8.782845983340891,57.333293510835006,139.1757596186,42.61262729429827,116.79761660143133
18,Bali,2017,74.3,3.61,4.14,50167.07,34129.84,213035.86,144933.31,1.48,1956727.0,5.5623142477463805,9.761616259873396,4.407433795189752,8.560789802609946,57.333293510835006,139.1757596186,42.61262729429827,116.79761660143133
19,Bali,2018,74.77,3.13,3.91,54433.46,35896.35,233636.77,154072.66,1.4,2127157.0,6.305900279238785,9.670160695011631,5.175851981726254,8.504363519735158,57.333293510835006,139.1757596186,42.61262729429827,116.79761660143133
20,Bali,2019,75.38,2.72,3.79,57755.96,37297.5,251934.1,162693.36,1.57,2297969.0,5.595217217642623,7.83152840197201,3.9033216469083865,6.103782489667209,57.333293510835006,139.1757596186,42.61262729429827,116.79761660143133
21,Bali,2020,75.5,1.68,3.78,52015.45,34216.52,224225.72,147498.94,5.63,2494000.0,-9.339299403491319,-10.99826502248009,-8.260553656411297,-9.939251291122165,57.333293510835006,139.1757596186,42.61262729429827,116.79761660143133
22,Banten,2010,70.48,6.96,7.16,25397.65,25397.65,271465.28,271465.28,13.68,955300.0,,,,,62.506446496583266,130.56185306644,46.33306624825526,107.61527149165376
23,Banten,2011,70.95,3.79,6.32,27977.01,26548.94,306174.29,290545.84,13.74,1000000.0,7.028729419835944,12.78580082137941,4.5330571922992835,10.155900250613726,62.506446496583266,130.56185306644,46.33306624825526,107.61527149165376
24,Banten,2012,68.92,4.3,5.85,30202.44,27716.47,338224.93,310385.59,9.94,1042000.0,6.828440565523164,10.468102988007267,4.397652034318522,7.95449549469367,62.506446496583266,130.56185306644,46.33306624825526,107.61527149165376
25,Banten,2013,69.47,8.38,5.89,32991.61,28910.66,377836.08,331099.11,9.54,1170000.0,6.673479912517832,11.711481468855656,4.308593410344108,9.234916119359893,62.506446496583266,130.56185306644,46.33306624825526,107.61527149165376
26,Banten,2014,69.89,8.36,5.51,36629.18,29846.64,428740.07,349351.23,9.07,1325000.0,5.5125850383590524,13.472506384250016,3.2374909462461243,11.02574260546847,62.506446496583266,130.56185306644,46.33306624825526,107.61527149165376
27,Banten,2015,70.27,3.35,5.75,40091.23,30813.03,479300.44,368377.2,9.55,1600000.0,5.446086450017651,11.7927792473421,3.237851898907218,9.451617535527701,62.506446496583266,130.56185306644,46.33306624825526,107.61527149165376
28,Banten,2016,70.96,3.02,5.36,42439.73,31781.56,517898.34,387835.09,8.92,1784000.0,5.282056001294322,8.05296569308387,3.1432481648185906,5.857889618253176,62.506446496583266,130.56185306644,46.33306624825526,107.61527149165376
29,Banten,2017,71.42,3.61,5.59,45275.58,32947.6,563597.7,410137.0,9.28,1931180.0,5.750358999233396,8.824002023254195,3.6689199649104554,6.682064188438508,62.506446496583266,130.56185306644,46.33306624825526,107.61527149165376
30,Banten,2018,71.95,3.13,5.25,48370.15,34183.75,613804.41,433782.71,8.47,2099385.0,5.765319880917841,8.90825317420565,3.75186660029867,6.83496489719182,62.506446496583266,130.56185306644,46.33306624825526,107.61527149165376
31,Banten,2019,72.44,2.72,5.09,52013.99,35913.9,661321.34,456620.03,8.11,2267990.0,5.264691163001856,7.741379701067963,5.061322997038076,7.533241058793494,62.506446496583266,130.56185306644,46.33306624825526,107.61527149165376
32,Banten,2020,72.45,1.68,5.92,52729.4,37165.16,625895.38,441148.58,10.64,2460997.0,-3.38825478155218,-5.356845130689414,3.4840549202397986,1.375418421082486,62.506446496583266,130.56185306644,46.33306624825526,107.61527149165376
33,Bengkulu,2010,72.92,6.96,18.3,16463.68,16463.68,28352.57,28352.57,4.59,780000.0,,,,,63.43643627367819,158.5489428295213,40.34480747925128,122.01901397500437
34,Bengkulu,2011,73.4,3.79,17.5,18368.8,17282.27,32199.71,30295.05,3.46,815000.0,6.851160229919184,13.56892867207453,4.972096153472361,11.571653482089062,63.43643627367819,158.5489428295213,40.34480747925128,122.01901397500437
35,Bengkulu,2012,66.61,4.3,17.7,20298.91,18143.51,36207.68,32363.04,3.62,930000.0,6.826164670465973,12.447223903569316,4.983373133274727,10.507545403074792,63.43643627367819,158.5489428295213,40.34480747925128,122.01901397500437
36,Bengkulu,2013,67.5,8.38,17.75,22358.05,18919.3,40565.49,34326.37,4.61,1200000.0,6.066580889805162,12.03559576310882,4.27585401060766,10.144091480774087,63.43643627367819,158.5489428295213,40.34480747925128,122.01901397500437
37,Bengkulu,2014,68.06,8.36,17.09,24604.4,19626.72,45389.9,36207.15,3.47,1350000.0,5.47911124887368,11.892892209609695,3.73914468294283,10.047164220493299,63.43643627367819,158.5489428295213,40.34480747925128,122.01901397500437
38,Bengkulu,2015,68.59,3.35,17.16,26845.61,20302.48,50334.02,38066.01,4.91,1500000.0,5.1339583480058515,10.89255539227889,3.4430612960290707,9.10898050755149,63.43643627367819,158.5489428295213,40.34480747925128,122.01901397500437
39,Bengkulu,2016,69.33,3.02,17.03,29076.22,21039.84,55384.17,40076.54,3.3,1605000.0,5.2816935633653195,10.0332737182526,3.6318715743101304,8.309030787529137,63.43643627367819,158.5489428295213,40.34480747925128,122.01901397500437
40,Bengkulu,2017,69.95,3.61,15.59,31359.48,21751.64,60657.68,42073.52,3.74,1737413.0,4.982915191780513,9.521691848049718,3.3831055749473427,7.852671358243946,63.43643627367819,158.5489428295213,40.34480747925128,122.01901397500437
41,Bengkulu,2018,70.64,3.13,15.41,33822.13,22494.84,66402.99,44164.11,3.35,1888741.0,4.968897301675734,9.471694268557584,3.416753863156985,7.852968225238421,63.43643627367819,158.5489428295213,40.34480747925128,122.01901397500437
42,Bengkulu,2019,71.21,2.72,15.23,36565.29,23504.53,72098.24,46345.45,3.26,2040407.0,4.939168931514737,8.576797520714052,4.488540483061887,8.110547739009943,63.43643627367819,158.5489428295213,40.34480747925128,122.01901397500437
43,Bengkulu,2020,71.4,1.68,15.03,36552.5,23105.92,73305.27,46338.43,4.07,2213604.0,-0.015147118001868076,1.674146275970112,-1.6958858568965285,-0.034978527450491015,63.43643627367819,158.5489428295213,40.34480747925128,122.01901397500437
44,DI Yogyakarta,2010,75.77,6.96,16.83,18652.97,18652.97,64678.97,64678.97,5.69,745694.0,,,,,57.235837243542996,113.54366032730576,48.79383819305987,102.07848937729487
45,DI Yogyakarta,2011,76.32,3.79,16.08,20333.34,19387.45,71369.96,68049.87,4.39,808000.0,5.211740384857699,10.344923550885255,3.9376035022840927,9.00859219738197,57.235837243542996,113.54366032730576,48.79383819305987,102.07848937729487
46,DI Yogyakarta,2012,76.15,4.3,16.05,21744.88,20183.88,77247.86,71702.45,3.9,892660.0,5.367504743212592,8.235817982803951,4.1079667516872975,6.941997723935178,57.235837243542996,113.54366032730576,48.79383819305987,102.07848937729487
47,DI Yogyakarta,2013,76.44,8.38,15.03,23623.92,21037.7,84924.54,75627.45,3.24,947114.0,5.474010999624146,9.937725135686604,4.230207472497849,8.641298549359643,57.235837243542996,113.54366032730576,48.79383819305987,102.07848937729487
48,DI Yogyakarta,2014,76.81,8.36,14.55,25526.4,21867.9,92842.48,79536.08,3.33,988500.0,5.168268928808262,9.323500604183433,3.946248877016023,8.05319354281595,57.235837243542996,113.54366032730576,48.79383819305987,102.07848937729487
49,DI Yogyakarta,2015,77.59,3.35,13.16,27571.53,22688.36,101440.52,83474.45,4.07,988500.0,4.951677276526567,9.26089005808548,3.7518920426744096,8.01182305377961,57.235837243542996,113.54366032730576,48.79383819305987,102.07848937729487
50,DI Yogyakarta,2016,78.38,3.02,13.1,29552.53,23565.68,109962.35,87685.81,2.72,,5.045088646885376,8.400814585729655,3.8668286293059406,7.184947661591501,57.235837243542996,113.54366032730576,48.79383819305987,102.07848937729487
51,DI Yogyakarta,2017,78.89,3.61,12.36,31664.92,24533.8,119128.72,92300.24,3.02,1337645.0,5.262459228009653,8.335916793338804,4.10817765496263,7.147915931394033,57.235837243542996,113.54366032730576,48.79383819305987,102.07848937729487
52,DI Yogyakarta,2018,79.53,3.13,11.81,34136.93,25776.31,129818.36,98024.01,3.37,1454154.0,6.20125148103623,8.973184635913146,5.064482469083487,7.806777973858781,57.235837243542996,113.54366032730576,48.79383819305987,102.07848937729487
53,DI Yogyakarta,2019,79.99,2.72,11.7,36459.73,27008.68,141047.69,104485.46,3.18,1570923.0,6.591701359697488,8.650032245053785,4.781017919166852,6.804361142024207,57.235837243542996,113.54366032730576,48.79383819305987,102.07848937729487
54,DI Yogyakarta,2020,79.97,1.68,12.28,37693.64,27754.47,138117.84,101698.52,4.57,1704608.0,-2.6672993543790713,-2.077205234626678,2.7612974791807687,3.3843092090917626,57.235837243542996,113.54366032730576,48.79383819305987,102.07848937729487
55,DKI Jakarta,2010,77.6,6.96,3.48,111528.86,111528.86,1075183.48,1075183.48,11.05,1118009.0,,,,,66.69630098855315,157.37686092423968,52.506732338158926,135.46835321368837
56,DKI Jakarta,2011,77.97,3.79,3.75,125533.82,117672.92,1224218.48,1147558.23,11.69,1290000.0,6.731385977024118,13.861355087040582,5.508941811115076,12.557251997375385,66.69630098855315,157.37686092423968,52.506732338158926,135.46835321368837
57,DKI Jakarta,2012,77.53,4.3,3.69,138858.29,123962.38,1369432.64,1222527.92,9.67,1529150.0,6.532974801635993,11.861784670984532,5.3448660915357715,10.614247220390482,66.69630098855315,157.37686092423968,52.506732338158926,135.46835321368837
58,DKI Jakarta,2013,78.08,8.38,3.72,155153.92,130060.31,1546876.49,1296694.57,8.63,2200000.0,6.066663082835788,12.957471935238818,4.919177898972249,11.735439058049767,66.69630098855315,157.37686092423968,52.506732338158926,135.46835321368837
59,DKI Jakarta,2014,78.39,8.36,4.09,174914.36,136312.34,1762316.4,1373389.13,8.47,2441000.0,5.914620279469496,13.927415109916108,4.807023756901696,12.736023685382868,66.69630098855315,157.37686092423968,52.506732338158926,135.46835321368837
60,DKI Jakarta,2015,78.99,3.35,3.61,195431.68,142913.61,1989088.75,1454563.85,7.23,2700000.0,5.91054044529975,12.867856759433206,4.842753047889858,11.729923146390053,66.69630098855315,157.37686092423968,52.506732338158926,135.46835321368837
61,DKI Jakarta,2016,79.6,3.02,3.75,210075.09,149831.9,2159073.6,1539916.88,6.12,3100000.0,5.867946601312801,8.54586553767398,4.840889541590898,7.492853768641816,66.69630098855315,157.37686092423968,52.506732338158926,135.46835321368837
62,DKI Jakarta,2017,80.06,3.61,3.78,228002.73,157636.6,2365353.85,1635359.15,7.14,3355750.0,6.197884524780317,9.55410922536406,5.208970853336314,8.533919942626245,66.69630098855315,157.37686092423968,52.506732338158926,135.46835321368837
63,DKI Jakarta,2018,80.47,3.13,3.55,247678.49,165768.99,2592606.57,1735208.29,6.65,3648036.0,6.105639852872691,9.607557025770141,5.158947858555685,8.629615969949134,66.69630098855315,157.37686092423968,52.506732338158926,135.46835321368837
64,DKI Jakarta,2019,80.76,2.72,3.47,268052.25,174812.51,2815636.16,1836240.55,6.54,3940973.0,5.8224860140565715,8.602523521337835,5.455495626775564,8.225889943046738,66.69630098855315,157.37686092423968,52.506732338158926,135.46835321368837
65,DKI Jakarta,2020,80.77,1.68,4.53,262615.17,170089.02,2767273.49,1792291.09,10.95,4276350.0,-2.3934478519167857,-1.717646288503405,-2.7020320227654326,-2.028365738396154,66.69630098855315,157.37686092423968,52.506732338158926,135.46835321368837
66,Gorontalo,2010,70.28,6.96,23.19,14811.95,14811.95,15475.74,15475.74,5.16,710000.0,,,,,83.67703256839415,169.64713803669486,64.14705693713522,140.97610375406344
67,Gorontalo,2011,70.82,3.79,18.75,16381.67,15687.65,17406.53,16669.09,6.74,762500.0,7.711101375443108,12.476237000621616,5.9121182558677265,10.597659322371467,83.67703256839415,169.64713803669486,64.14705693713522,140.97610375406344
68,Gorontalo,2012,64.16,4.3,17.33,18207.86,16650.27,19669.72,17987.07,4.47,837500.0,7.906730361405456,13.001959609410974,6.136164435081115,11.147764544152095,83.67703256839415,169.64713803669486,64.14705693713522,140.97610375406344
69,Gorontalo,2013,64.7,8.38,18.01,20154.35,17639.12,22129.28,19367.57,4.15,1175000.0,7.674957622336498,12.5042959432061,5.938942731859598,10.690383164193907,83.67703256839415,169.64713803669486,64.14705693713522,140.97610375406344
70,Gorontalo,2014,65.17,8.36,17.41,22582.5,18622.44,25193.78,20775.8,4.18,1325000.0,7.271072209884877,13.848168580270116,5.5746545179124585,12.047771324800859,83.67703256839415,169.64713803669486,64.14705693713522,140.97610375406344
71,Gorontalo,2015,65.86,3.35,18.16,25143.39,19474.13,28493.42,22068.8,4.65,1600000.0,6.22358705801942,13.09704220644936,4.573460835422227,11.34015277316507,83.67703256839415,169.64713803669486,64.14705693713522,140.97610375406344
72,Gorontalo,2016,66.29,3.02,17.63,27544.77,20427.46,31697.56,23507.21,2.76,1875000.0,6.517844196331479,11.245192749764698,4.895366314181926,9.550740771232524,83.67703256839415,169.64713803669486,64.14705693713522,140.97610375406344
73,Gorontalo,2017,67.01,3.61,17.14,29565.12,21477.78,34537.68,25090.13,4.28,2030000.0,6.733763811188154,8.96005875531114,5.141706311014671,7.3347862407273645,83.67703256839415,169.64713803669486,64.14705693713522,140.97610375406344
74,Gorontalo,2018,67.71,3.13,15.83,31827.62,22538.55,37731.39,26719.27,3.7,2206813.0,6.493150892402699,9.247031068676304,4.938918268089165,7.652598737972305,83.67703256839415,169.64713803669486,64.14705693713522,140.97610375406344
75,Gorontalo,2019,68.49,2.72,15.52,34976.65,24167.56,41145.45,28429.97,3.76,2384020.0,6.402495277752718,9.048328195701249,7.2276610518422935,9.894016580567456,83.67703256839415,169.64713803669486,64.14705693713522,140.97610375406344
76,Gorontalo,2020,68.68,1.68,15.22,35693.26,24313.38,41729.89,28425.38,4.28,2788826.0,-0.016144934377348985,1.4204243725612464,0.603370799534586,2.0488240011550474,83.67703256839415,169.64713803669486,64.14705693713522,140.97610375406344
77,Indonesia,2010,72.27,6.96,13.33,28778.17,28778.17,6864133.13,6864133.13,7.14,908824.0,,,,,56.217822366157996,124.98621322631602,38.225189440468256,99.07308213135164
78,Indonesia,2011,72.77,3.79,12.49,32336.26,30112.37,7825075.53,7286914.79,7.48,988829.0,6.1592870067192385,13.999472064435325,4.636153028493473,12.363850793848252,56.217822366157996,124.98621322631602,38.225189440468256,99.07308213135164
79,Indonesia,2012,67.7,4.3,11.96,35338.48,31519.93,8672954.41,7735785.46,6.13,1088903.0,6.159954973207538,10.835408255797363,4.674358079420515,9.284376115234117,56.217822366157996,124.98621322631602,38.225189440468256,99.07308213135164
80,Indonesia,2013,68.31,8.38,11.47,38632.67,32874.76,9612506.5,8179836.08,6.17,1296908.0,5.740213741656697,10.83312612501095,4.298328073698143,9.321821425256527,56.217822366157996,124.98621322631602,38.225189440468256,99.07308213135164
81,Indonesia,2014,68.9,8.36,10.96,42432.08,34127.72,10699877.63,8605809.67,5.94,1584391.0,5.207605456074127,11.312045718772733,3.811312995136684,9.834707256837284,56.217822366157996,124.98621322631602,38.225189440468256,99.07308213135164
82,Indonesia,2015,69.55,3.35,11.13,45119.61,35161.89,11526332.8,8982517.1,6.18,1790342.0,4.377361857225459,7.723968428225847,3.0302932630717816,6.333722032952416,56.217822366157996,124.98621322631602,38.225189440468256,99.07308213135164
83,Indonesia,2016,70.18,3.02,10.7,47937.72,36468.62,12401728.5,9434613.4,5.61,1997819.0,5.033069182801797,7.594746006292641,3.7163246913064274,6.245865157079145,56.217822366157996,124.98621322631602,38.225189440468256,99.07308213135164
84,Indonesia,2017,70.81,3.61,10.12,51891.18,37851.37,13589825.7,9912928.1,5.5,2142855.0,5.069785901349166,9.580093613563623,3.7916159152718176,8.247075580565788,56.217822366157996,124.98621322631602,38.225189440468256,99.07308213135164
85,Indonesia,2018,71.39,3.13,9.66,55992.07,39340.56,14838756.0,10425851.9,5.3,2268874.0,5.174291539550269,9.190186302389458,3.934309379026435,7.902865188265129,56.217822366157996,124.98621322631602,38.225189440468256,99.07308213135164
86,Indonesia,2019,71.92,2.72,9.41,59317.91,41021.61,15832657.2,10949155.4,5.23,2455662.0,5.019287680462825,6.698008916650422,4.27307084596662,5.9398411239306,56.217822366157996,124.98621322631602,38.225189440468256,99.07308213135164
87,Indonesia,2020,71.94,1.68,9.78,57289.59,39778.68,15443353.2,10722999.3,7.07,2672371.0,-2.0655118293416486,-2.4588671066534507,-3.0299395855013955,-3.4194057073150486,56.217822366157996,124.98621322631602,38.225189440468256,99.07308213135164
88,Jambi,2010,72.74,6.96,8.34,29160.16,29160.16,90618.41,90618.41,5.39,900000.0,,,,,63.71314614767572,126.31382519291607,43.77849778602038,98.75655689132023
89,Jambi,2011,73.3,3.79,8.65,32682.04,30856.66,103522.91,97740.87,4.63,1028000.0,7.859837752615606,14.240483804560245,5.81786931210253,12.077711507755783,63.71314614767572,126.31382519291607,43.77849778602038,98.75655689132023
90,Jambi,2012,66.94,4.3,8.42,35657.57,32417.72,115070.4,104615.08,3.2,1142500.0,7.033096799731786,11.15452608509555,5.059069905816127,9.104480626056377,63.71314614767572,126.31382519291607,43.77849778602038,98.75655689132023
91,Jambi,2013,67.76,8.38,8.42,39553.64,34012.1,129976.04,111766.13,4.76,1300000.0,6.8355824036075985,12.953496294442356,4.9182360758251775,10.92634747684713,63.71314614767572,126.31382519291607,43.77849778602038,98.75655689132023
92,Jambi,2014,68.24,8.36,8.39,43300.3,35878.09,144814.42,119991.44,5.08,1502300.0,7.359394120562279,11.416242562860068,5.486253421576426,9.472351975696803,63.71314614767572,126.31382519291607,43.77849778602038,98.75655689132023
93,Jambi,2015,68.89,3.35,9.12,45580.04,36753.52,155065.66,125037.4,4.34,1710000.0,4.205266642353811,7.0788806805289095,2.440012832344207,5.264951974928578,63.71314614767572,126.31382519291607,43.77849778602038,98.75655689132023
94,Jambi,2016,69.62,3.02,8.37,49494.98,37728.8,171199.47,130501.13,4.0,1906650.0,4.369676592763461,10.40450219603748,2.6535689642788185,8.589154375467857,63.71314614767572,126.31382519291607,43.77849778602038,98.75655689132023
95,Jambi,2017,69.99,3.61,7.9,53993.4,38833.87,189787.72,136501.71,3.87,2063949.0,4.598105778854156,10.85765627662283,2.928982633956023,9.08863888822664,63.71314614767572,126.31382519291607,43.77849778602038,98.75655689132023
96,Jambi,2018,70.65,3.13,7.85,58224.89,40025.52,207878.69,142902.0,3.73,2243719.0,4.688798404063954,9.532213148458712,3.068584202398572,7.837050454314776,63.71314614767572,126.31382519291607,43.77849778602038,98.75655689132023
97,Jambi,2019,71.26,2.72,7.6,60828.86,41812.35,216927.71,149111.09,4.06,2423889.0,4.344998670417488,4.353029163306732,4.464226823286754,4.4722626354468,63.71314614767572,126.31382519291607,43.77849778602038,98.75655689132023
98,Jambi,2020,71.29,1.68,7.58,57957.73,41926.04,205081.99,148354.25,5.13,2630162.0,-0.5075678811012674,-5.46067627782546,0.27190531027316833,-4.720012836012377,63.71314614767572,126.31382519291607,43.77849778602038,98.75655689132023
99,Jawa Barat,2010,72.29,6.96,11.27,20974.94,20974.94,906685.76,906685.76,10.33,671500.0,,,,,60.2959684731345,129.63934715374816,43.88856416275805,106.13412958511445
100,Jawa Barat,2011,72.73,3.79,10.65,23251.17,21976.53,1021628.6,965622.06,9.96,732000.0,6.500190319521515,12.677252149631201,4.7751745654576405,10.85214069742273,60.2959684731345,129.63934715374816,43.88856416275805,106.13412958511445
101,Jawa Barat,2012,67.32,4.3,10.09,25272.29,23036.0,1128245.68,1028409.74,9.08,780000.0,6.502303810250565,10.435992101239133,4.820915767866918,8.69255181567208,60.2959684731345,129.63934715374816,43.88856416275805,106.13412958511445
102,Jawa Barat,2013,68.25,8.38,9.61,27767.25,24118.31,1258989.33,1093543.55,9.16,850000.0,6.333449350645015,11.588225181593437,4.698341725994104,9.8723146972435,60.2959684731345,129.63934715374816,43.88856416275805,106.13412958511445
103,Jawa Barat,2014,68.8,8.36,9.18,30107.21,24966.86,1385825.08,1149216.06,8.45,1000000.0,5.0910190087994245,10.074410241427545,3.518281338949536,8.427049851893864,60.2959684731345,129.63934715374816,43.88856416275805,106.13412958511445
104,Jawa Barat,2015,69.5,3.35,9.57,32648.02,25845.5,1524974.83,1207232.34,8.72,1000000.0,5.048335297367834,10.04093171701006,3.5192250847723816,8.439207751233013,60.2959684731345,129.63934715374816,43.88856416275805,106.13412958511445
105,Jawa Barat,2016,70.05,3.02,8.77,34893.62,26923.51,1653238.4,1275619.24,8.89,2250000.0,5.6647670654681015,8.410864722272148,4.1709775396103765,6.878211909941245,60.2959684731345,129.63934715374816,43.88856416275805,106.13412958511445
106,Jawa Barat,2017,70.69,3.61,7.83,37223.11,27970.92,1788117.36,1343662.14,8.22,1420624.0,5.334107378311415,8.158470066990953,3.8903174214654834,6.675976869123912,60.2959684731345,129.63934715374816,43.88856416275805,106.13412958511445
107,Jawa Barat,2018,71.3,3.13,7.25,40272.64,29160.06,1960627.65,1419624.14,8.23,1544361.0,5.653355686571637,9.647593265354782,4.2513438957317184,8.192571765228651,60.2959684731345,129.63934715374816,43.88856416275805,106.13412958511445
108,Jawa Barat,2019,72.03,2.72,6.91,43309.19,30413.37,2123153.71,1490959.69,8.04,1668373.0,5.024960339150053,8.289491377926872,4.298036423793361,7.539982479420271,60.2959684731345,129.63934715374816,43.88856416275805,106.13412958511445
109,Jawa Barat,2020,72.09,1.68,7.88,43236.51,30180.54,2082107.26,1453380.72,10.46,1810351.0,-2.5204551304804257,-1.9332773603094378,-0.7655514663452267,-0.1678165765741646,60.2959684731345,129.63934715374816,43.88856416275805,106.13412958511445
110,Jawa Tengah,2010,72.49,6.96,16.56,19209.31,19209.31,623224.62,623224.62,6.21,660000.0,,,,,54.87630607404438,116.16965164181094,37.86898123878473,92.43158655880922
111,Jawa Tengah,2011,72.94,3.79,15.76,21162.83,20053.8,692561.63,656268.13,7.07,675000.0,5.302022567722053,11.125524854907054,4.3962536915693295,10.169652111398065,54.87630607404438,116.16965164181094,37.86898123878473,92.43158655880922
112,Jawa Tengah,2012,67.21,4.3,15.34,22865.43,20950.62,754529.44,691343.12,5.61,765000.0,5.344612727118103,8.947623910380354,4.472070131346673,8.045237806096805,54.87630607404438,116.16965164181094,37.86898123878473,92.43158655880922
113,Jawa Tengah,2013,68.02,8.38,14.44,24952.13,21844.87,830016.02,726655.12,6.01,830000.0,5.107738686977892,10.004457877746976,4.268370100741659,9.1260037532642,54.87630607404438,116.16965164181094,37.86898123878473,92.43158655880922
114,Jawa Tengah,2014,68.78,8.36,13.58,27517.84,22819.16,922471.18,764959.15,5.68,910000.0,5.271280549155155,11.138960908248507,4.460040274902077,10.282528986503348,54.87630607404438,116.16965164181094,37.86898123878473,92.43158655880922
115,Jawa Tengah,2015,69.49,3.35,13.32,29933.75,23887.06,1010986.64,806765.09,4.99,910000.0,5.4651205884654,9.595471589692362,4.679839222828552,8.779431815869266,54.87630607404438,116.16965164181094,37.86898123878473,92.43158655880922
116,Jawa Tengah,2016,69.98,3.02,13.19,31961.95,24959.49,1087316.7,849099.35,4.63,,5.247408511441676,7.550056250001469,4.489585574784005,6.77562951517936,54.87630607404438,116.16965164181094,37.86898123878473,92.43158655880922
117,Jawa Tengah,2017,70.52,3.61,12.23,34234.31,26088.91,1172794.52,893750.3,4.57,1367000.0,5.258624918273713,7.8613544701373606,4.525012329979483,7.10957873346274,54.87630607404438,116.16965164181094,37.86898123878473,92.43158655880922
118,Jawa Tengah,2018,71.12,3.13,11.19,36770.96,27285.25,1268261.17,941091.14,4.47,1486065.0,5.2968754248250205,8.140100279458995,4.585626612993798,7.409671759121195,54.87630607404438,116.16965164181094,37.86898123878473,92.43158655880922
119,Jawa Tengah,2019,71.73,2.72,10.8,39388.15,28695.92,1360960.13,991516.54,4.44,1605396.0,5.358184543103883,7.309138069724241,5.170082737009918,7.117546020011445,54.87630607404438,116.16965164181094,37.86898123878473,92.43158655880922
120,Jawa Tengah,2020,71.87,1.68,11.41,36964.78,26483.68,1347222.49,965227.27,6.48,1742015.0,-2.6514202173571477,-1.009407968475895,-7.709249259128114,-6.152535724577069,54.87630607404438,116.16965164181094,37.86898123878473,92.43158655880922
121,Jawa Timur,2010,71.62,6.96,15.26,26371.1,26371.1,990648.84,990648.84,4.25,630000.0,,,,,62.66031765605258,132.15165123496234,50.491219554739864,114.78368365369667
122,Jawa Timur,2011,72.18,3.79,14.23,29613.05,27864.26,1120577.16,1054401.77,5.38,705000.0,6.435472129559061,13.115476923185,5.66210738270303,12.29357137169098,62.66031765605258,132.15165123496234,50.491219554739864,114.78368365369667
123,Jawa Timur,2012,66.74,4.3,13.4,32770.38,29508.4,1248767.29,1124464.64,4.11,745000.0,6.6447982157692875,11.439652223502407,5.9005335149758364,10.661954780071614,62.66031765605258,132.15165123496234,50.491219554739864,114.78368365369667
124,Jawa Timur,2013,67.55,8.38,12.73,36037.18,31092.04,1382501.5,1192789.8,4.3,866250.0,6.076239089207824,10.709297966957475,5.366743029103582,9.968758372652387,62.66031765605258,132.15165123496234,50.491219554739864,114.78368365369667
125,Jawa Timur,2014,68.14,8.36,12.28,39832.68,32703.39,1537947.63,1262684.5,4.19,1000000.0,5.859766741801442,11.243830838519875,5.182516168125351,10.532178156004445,62.66031765605258,132.15165123496234,50.491219554739864,114.78368365369667
126,Jawa Timur,2015,68.95,3.35,12.28,43541.4,34271.81,1691477.06,1331376.1,4.47,1000000.0,5.440123799729868,9.982747591997022,4.7958942482721145,9.310746854090656,62.66031765605258,132.15165123496234,50.491219554739864,114.78368365369667
127,Jawa Timur,2016,69.74,3.02,11.85,47491.52,35970.78,1855738.4,1405563.51,4.21,,5.572235373610801,9.711118399678442,4.957339574419906,9.072101494210095,62.66031765605258,132.15165123496234,50.491219554739864,114.78368365369667
128,Jawa Timur,2017,70.27,3.61,11.2,51228.45,37724.29,2012917.99,1482299.58,4.0,1388000.0,5.459452344490656,8.469921730347352,4.8748178382564955,7.868625809407659,62.66031765605258,132.15165123496234,50.491219554739864,114.78368365369667
129,Jawa Timur,2018,70.77,3.13,10.85,55410.61,39579.95,2188766.35,1563441.82,3.91,1508895.0,5.474078323627407,8.735992269610549,4.919005765250972,8.16374495031571,62.66031765605258,132.15165123496234,50.491219554739864,114.78368365369667
130,Jawa Timur,2019,71.5,2.72,10.37,59015.17,41512.2,2345548.55,1649895.64,3.82,1630059.0,5.529711364635226,7.163039581634645,4.881890957416579,6.505180145102174,62.66031765605258,132.15165123496234,50.491219554739864,114.78368365369667
131,Jawa Timur,2020,71.71,1.68,11.09,56640.82,39686.19,2299807.64,1611392.55,5.84,1768777.0,-2.3336682070388304,-1.9501156776311368,-4.398730975472254,-4.023287571653189,62.66031765605258,132.15165123496234,50.491219554739864,114.78368365369667
132,Kalimantan Barat,2010,69.15,6.96,9.02,19510.07,19510.07,86065.85,86065.85,4.62,741000.0,,,,,56.55847237899817,148.58913262345052,27.901181287406967,103.08609861471535
133,Kalimantan Barat,2011,69.66,3.79,8.6,21548.09,20227.16,96727.13,90797.59,4.6,802500.0,5.497813592731604,12.387352242498029,3.6754865564295747,10.445990198907552,56.55847237899817,148.58913262345052,27.901181287406967,103.08609861471535
134,Kalimantan Barat,2012,63.41,4.3,8.17,23427.05,21062.22,106958.8,96161.93,3.54,900000.0,5.908020245911816,10.57786993163139,4.12840952461937,8.719844775105345,56.55847237899817,148.58913262345052,27.901181287406967,103.08609861471535
135,Kalimantan Barat,2013,64.3,8.38,8.74,25561.5,21971.93,118640.96,101980.34,3.99,1060000.0,6.050637710786377,10.922112065580404,4.319155340700065,9.111048979705094,56.55847237899817,148.58913262345052,27.901181287406967,103.08609861471535
136,Kalimantan Barat,2014,64.89,8.36,8.07,28062.48,22712.65,132345.29,107114.96,4.04,1380000.0,5.034911631006533,11.551095001254197,3.3712104489683092,9.784167595798365,56.55847237899817,148.58913262345052,27.901181287406967,103.08609861471535
137,Kalimantan Barat,2015,65.59,3.35,8.44,30619.33,23456.52,146653.55,112346.76,5.15,1560000.0,4.884285070918182,10.811310323170531,3.2751352220018237,9.111275981310275,56.55847237899817,148.58913262345052,27.901181287406967,103.08609861471535
138,Kalimantan Barat,2016,65.88,3.02,8.0,33190.65,24308.85,161364.24,118183.27,4.23,1739400.0,5.195085287728829,10.030912991877795,3.6336592128755507,8.397701713264127,56.55847237899817,148.58913262345052,27.901181287406967,103.08609861471535
139,Kalimantan Barat,2017,66.26,3.61,7.86,35984.53,25198.01,177493.65,124289.17,4.36,1882900.0,5.166467301167077,9.995653312034936,3.6577625021339877,8.417671844329643,56.55847237899817,148.58913262345052,27.901181287406967,103.08609861471535
140,Kalimantan Barat,2018,66.98,3.13,7.37,38814.73,26110.57,194138.22,130596.32,4.18,2046900.0,5.074577294224425,9.37755801404727,3.6215558292103323,7.865046451905866,56.55847237899817,148.58913262345052,27.901181287406967,103.08609861471535
141,Kalimantan Barat,2019,67.65,2.72,7.49,42045.41,27199.78,212150.33,137243.09,4.35,2211500.0,5.089553825100124,9.277982460125568,4.171529001473351,8.323334981333108,56.55847237899817,148.58913262345052,27.901181287406967,103.08609861471535
142,Kalimantan Barat,2020,67.66,1.68,7.17,39622.24,24953.61,213950.35,134743.38,5.81,2399699.0,-1.8213740305613846,0.8484643884362653,-8.258044734185344,-5.763221241034411,56.55847237899817,148.58913262345052,27.901181287406967,103.08609861471535
143,Kalimantan Selatan,2010,69.92,6.96,5.21,23418.47,23418.47,85305.0,85305.0,5.25,1024500.0,,,,,53.407561104272915,110.02522712619422,37.55083060507368,88.31627343716305
144,Kalimantan Selatan,2011,70.44,3.79,5.29,26594.38,24567.52,98780.55,91252.13,6.29,1126000.0,6.971607760389187,15.796905222437129,4.906597228597764,13.561560597255063,53.407561104272915,110.02522712619422,37.55083060507368,88.31627343716305
145,Kalimantan Selatan,2012,66.68,4.3,5.06,28197.08,25547.77,106725.43,96697.84,5.19,1225000.0,5.967762067581317,8.042959874185751,3.990024227109612,6.026461229778635,53.407561104272915,110.02522712619422,37.55083060507368,88.31627343716305
146,Kalimantan Selatan,2013,67.17,8.38,4.76,30058.02,26423.9,115858.2,101850.54,3.66,1337500.0,5.328660909075111,8.557257628289715,3.429379550543943,6.599761393732972,53.407561104272915,110.02522712619422,37.55083060507368,88.31627343716305
147,Kalimantan Selatan,2014,67.63,8.36,4.81,32599.83,27220.27,127882.28,106779.4,3.8,1620000.0,4.839306693906575,10.378272750655547,3.0138246057546336,8.456345427942358,53.407561104272915,110.02522712619422,37.55083060507368,88.31627343716305
148,Kalimantan Selatan,2015,68.38,3.35,4.72,34351.69,27786.68,137056.12,110863.12,4.92,1870000.0,3.8244455391208465,7.173660025454653,2.080839021802494,5.373831704030363,53.407561104272915,110.02522712619422,37.55083060507368,88.31627343716305
149,Kalimantan Selatan,2016,69.05,3.02,4.52,36022.98,28540.05,146090.43,115743.57,5.45,2085050.0,4.402230426132703,6.591686675501984,2.7112630944035043,4.865233704659078,53.407561104272915,110.02522712619422,37.55083060507368,88.31627343716305
150,Kalimantan Selatan,2017,69.65,3.61,4.7,38619.54,29578.79,159104.55,121858.52,4.77,2258000.0,5.283187653534438,8.908263190135045,3.639587176616721,7.208065518177564,53.407561104272915,110.02522712619422,37.55083060507368,88.31627343716305
151,Kalimantan Selatan,2018,70.17,3.13,4.65,41046.28,30614.85,171684.06,128052.58,4.35,2454671.0,5.082992965941147,7.9064426504458885,3.5027125856061048,6.283710266875264,53.407561104272915,110.02522712619422,37.55083060507368,88.31627343716305
152,Kalimantan Selatan,2019,70.72,2.72,4.55,42823.56,31611.46,180557.64,133283.85,4.18,2651782.0,4.085251542764712,5.168552048454589,3.255315639305767,4.32994171457195,53.407561104272915,110.02522712619422,37.55083060507368,88.31627343716305
153,Kalimantan Selatan,2020,70.91,1.68,4.38,44100.79,32212.3,179162.02,130864.32,4.74,2877449.0,-1.815321211084464,-0.7729498458221018,1.9007030994455887,2.9825404520315457,53.407561104272915,110.02522712619422,37.55083060507368,88.31627343716305
154,Kalimantan Tengah,2010,74.64,6.96,6.77,25455.05,25455.05,56531.02,56531.02,4.14,986590.0,,,,,75.00765066683745,169.21040872781,45.938546575237545,124.49407877808139
155,Kalimantan Tengah,2011,75.06,3.79,6.56,28952.94,26588.9,65871.41,60492.93,3.54,1134580.0,7.008382300549343,16.522592374947422,4.454322423251966,13.741438339347201,75.00765066683745,169.21040872781,45.938546575237545,124.49407877808139
156,Kalimantan Tengah,2012,66.66,4.3,6.51,31515.97,27749.01,73425.38,64649.17,3.14,1327459.0,6.870621079190564,11.467752094573358,4.363136496808817,8.852399790832987,75.00765066683745,169.21040872781,45.938546575237545,124.49407877808139
157,Kalimantan Tengah,2013,67.41,8.38,6.23,34367.34,29106.4,81956.92,69410.99,3.0,1553127.0,7.365632072306583,11.619333805286391,4.891670009128268,9.047381375220231,75.00765066683745,169.21040872781,45.938546575237545,124.49407877808139
158,Kalimantan Tengah,2014,67.77,8.36,6.07,36842.26,30216.73,89889.88,73724.52,3.24,1723970.0,6.214476987001616,9.679426703687755,3.8147280323227895,7.201372000277018,75.00765066683745,169.21040872781,45.938546575237545,124.49407877808139
159,Kalimantan Tengah,2015,68.53,3.35,5.91,40105.06,31619.18,100063.52,78890.97,4.54,1896367.0,7.0077770597896105,11.317892514708007,4.641303013264508,8.856134232807644,75.00765066683745,169.21040872781,45.938546575237545,124.49407877808139
160,Kalimantan Tengah,2016,69.13,3.02,5.36,43905.33,32899.58,111967.02,83900.24,4.82,2057558.0,6.349611368702912,11.895943696563949,4.049440877340915,9.475786845849377,75.00765066683745,169.21040872781,45.938546575237545,124.49407877808139
161,Kalimantan Tengah,2017,69.79,3.61,5.26,48293.22,34370.63,125817.07,89544.9,4.23,2227307.0,6.727823424581381,12.369758523536657,4.471333676600109,9.993980229735211,75.00765066683745,169.21040872781,45.938546575237545,124.49407877808139
162,Kalimantan Tengah,2018,70.42,3.13,5.1,52107.23,35548.43,138616.13,94566.25,3.91,2421305.0,5.6076337122493936,10.172753188418703,3.426762907750036,7.897609643755388,75.00765066683745,169.21040872781,45.938546575237545,124.49407877808139
163,Kalimantan Tengah,2019,70.91,2.72,4.98,56625.38,37870.47,150046.1,100349.29,4.04,2663435.0,6.115331844077554,8.245771974733396,6.532046562956517,8.670869666263181,75.00765066683745,169.21040872781,45.938546575237545,124.49407877808139
164,Kalimantan Tengah,2020,71.05,1.68,4.82,57145.08,37148.73,152187.39,98933.61,4.58,2903145.0,-1.4107523830014124,1.4270880749316373,-1.905812101090898,0.9177863353853066,75.00765066683745,169.21040872781,45.938546575237545,124.49407877808139
165,Kalimantan Timur,2010,75.56,6.96,7.66,116946.31,116946.31,418211.58,418211.58,10.1,1002000.0,,,,,12.955583391545494,45.31986177905451,7.540400376890901,38.353104086824125
166,Kalimantan Timur,2011,76.22,3.79,6.77,140229.63,121196.23,515191.48,445264.42,11.43,1084000.0,6.46869701695012,23.18919528722756,3.634077894377352,19.9094097111743,12.955583391545494,45.31986177905451,7.540400376890901,38.353104086824125
167,Kalimantan Timur,2012,72.62,4.3,6.68,145998.48,124501.88,550735.76,469646.25,9.02,1177000.0,5.475809183226454,6.899236765328509,2.727518834538012,4.113859531683861,12.955583391545494,45.31986177905451,7.540400376890901,38.353104086824125
168,Kalimantan Timur,2013,73.21,8.38,6.38,158472.71,133868.68,519131.87,438532.91,7.95,1752073.0,-6.624845828109994,-5.738485185708663,7.523420529874714,8.544082102772554,12.955583391545494,45.31986177905451,7.540400376890901,38.353104086824125
169,Kalimantan Timur,2014,73.82,8.36,6.31,157399.96,133086.11,527515.26,446029.05,7.38,1886315.0,1.7093677188332324,1.6148864064153834,-0.5845803514309744,-0.6769304317443714,12.955583391545494,45.31986177905451,7.540400376890901,38.353104086824125
170,Kalimantan Timur,2015,74.17,3.35,6.1,147405.43,128603.13,505105.06,440676.36,7.5,2026126.0,-1.2000765420996706,-4.24825624949694,-3.3684807527998073,-6.349766543778024,12.955583391545494,45.31986177905451,7.540400376890901,38.353104086824125
171,Kalimantan Timur,2016,74.59,3.02,6.0,145343.19,125385.5,508880.24,439003.83,7.95,2161253.0,-0.37953703711267606,0.7474049062189181,-2.5019842052055874,-1.3990258025094349,12.955583391545494,45.31986177905451,7.540400376890901,38.353104086824125
172,Kalimantan Timur,2017,75.12,3.61,6.08,165546.62,126625.19,591903.49,452741.91,6.91,2339556.0,3.1293758872217525,16.314889727296155,0.988702840440081,13.900499913343033,12.955583391545494,45.31986177905451,7.540400376890901,38.353104086824125
173,Kalimantan Timur,2018,75.83,3.13,6.06,174164.82,127354.19,635498.68,464694.43,6.41,2543332.0,2.6400295037850574,7.365253075294431,0.5757148320961969,5.205905140195566,12.955583391545494,45.31986177905451,7.540400376890901,38.353104086824125
174,Kalimantan Timur,2019,76.61,2.72,5.94,180259.1,134410.55,652480.26,486523.18,5.94,2747561.0,4.697441714547779,2.672166053909031,5.540736429637683,3.4991452349561802,12.955583391545494,45.31986177905451,7.540400376890901,38.353104086824125
175,Kalimantan Timur,2020,76.24,1.68,6.1,161798.85,125764.53,607744.49,472393.33,6.87,2981379.0,-2.9042501119884934,-6.856264126672585,-6.432545659548294,-10.240953161310584,12.955583391545494,45.31986177905451,7.540400376890901,38.353104086824125
176,Kalimantan Utara,2010,,6.96,,,,,,,,,,,,,,,
177,Kalimantan Utara,2011,,3.79,,,,,,,,,,,,,,,
178,Kalimantan Utara,2012,,4.3,,,,,,,,,,,,,,,
179,Kalimantan Utara,2013,67.99,8.38,,88415.13,74106.93,52604.7,44091.7,,,,,,,,,,
180,Kalimantan Utara,2014,68.64,8.36,,95734.77,77152.6,59184.0,47696.35,,,8.17534819478496,12.507057354190799,4.109831563660804,8.278718812040431,,,,
181,Kalimantan Utara,2015,68.76,3.35,6.32,96150.38,76823.46,61722.39,49315.75,5.68,2026126.0,3.395228356048219,4.288980129764797,-0.42660908381570994,0.4341264934359712,,,,
182,Kalimantan Utara,2016,69.2,3.02,6.99,99112.33,76635.46,66041.81,51064.74,5.23,2175340.0,3.546514044701743,6.998141193171548,-0.24471691329706058,3.080539047271569,,,,
183,Kalimantan Utara,2017,69.84,3.61,6.96,111318.54,78918.57,76927.57,54537.31,5.54,2354800.0,6.800328367480191,16.483133941967985,2.9791822219113806,12.315531276481927,,,,
184,Kalimantan Utara,2018,70.56,3.13,6.86,119413.88,80204.84,85548.94,57459.31,5.11,2559903.0,5.357800008837987,11.207126391747458,1.6298698772671427,7.272229765140659,,,,
185,Kalimantan Utara,2019,71.15,2.72,6.63,138751.01,88299.52,96509.93,61417.79,4.49,2765463.0,6.889188192479168,12.812537478547359,10.092508132925659,16.193368811062836,,,,
186,Kalimantan Utara,2020,70.63,1.68,6.8,143533.29,86823.59,100423.21,60746.21,4.97,3000804.0,-1.09346168268184,4.054795190505289,-1.6715039900556783,3.4466631990642815,,,,
187,Kepulauan Bangka Belitung,2010,72.86,6.96,6.51,28906.78,28906.78,35561.9,35561.9,5.63,910000.0,,,,,48.209010204741595,112.36145987700318,25.602401927852224,79.96954347734338
188,Kepulauan Bangka Belitung,2011,73.37,3.79,5.75,32465.38,30212.18,40849.04,38013.99,3.86,1024000.0,6.8952727497687105,14.867428343255007,4.515895578822682,12.310606715794714,48.209010204741595,112.36145987700318,25.602401927852224,79.96954347734338
189,Kepulauan Bangka Belitung,2012,67.21,4.3,5.53,35288.32,31172.42,45400.23,40104.91,3.43,1110000.0,5.500396038405886,11.14148582194343,3.1783207964469984,8.695231659078061,48.209010204741595,112.36145987700318,25.602401927852224,79.96954347734338
190,Kepulauan Bangka Belitung,2013,67.92,8.38,5.25,38314.56,32081.3,50388.36,42190.86,3.65,1265000.0,5.201233464929844,10.98701482349318,2.9156542867060153,8.57575537741666,48.209010204741595,112.36145987700318,25.602401927852224,79.96954347734338
191,Kepulauan Bangka Belitung,2014,68.27,8.36,4.97,41948.37,32859.64,56373.62,44159.44,5.14,1640000.0,4.665892091320267,11.87825918525629,2.426148566298747,9.484149106762562,48.209010204741595,112.36145987700318,25.602401927852224,79.96954347734338
192,Kepulauan Bangka Belitung,2015,69.05,3.35,4.83,44425.08,33480.38,60987.32,45962.3,6.29,2100000.0,4.082615178091031,8.184147124133577,1.8890651267025493,5.904186503551867,48.209010204741595,112.36145987700318,25.602401927852224,79.96954347734338
193,Kepulauan Bangka Belitung,2016,69.55,3.02,5.04,46402.47,34132.87,65048.23,47848.37,2.6,2341500.0,4.103515272299263,6.658613626570253,1.9488727427825037,4.451066829817751,48.209010204741595,112.36145987700318,25.602401927852224,79.96954347734338
194,Kepulauan Bangka Belitung,2017,69.99,3.61,5.3,48827.25,34933.52,69865.21,49985.15,3.78,2534674.0,4.46573206151013,7.40524377066063,2.3456861377317395,5.225540795565409,48.209010204741595,112.36145987700318,25.602401927852224,79.96954347734338
195,Kepulauan Bangka Belitung,2018,70.67,3.13,4.77,50081.95,35762.04,73113.28,52208.04,3.61,2755444.0,4.447100788934311,4.649052081858751,2.371704884019721,2.5696716485159365,48.209010204741595,112.36145987700318,25.602401927852224,79.96954347734338
196,Kepulauan Bangka Belitung,2019,71.3,2.72,4.62,52232.8,37173.14,75794.96,53941.9,3.58,2976706.0,3.3210593617381656,3.667842558834744,3.9458039865734706,4.294661050538173,48.209010204741595,112.36145987700318,25.602401927852224,79.96954347734338
197,Kepulauan Bangka Belitung,2020,71.47,1.68,4.53,52023.4,36307.61,75519.77,52705.94,5.25,3230024.0,-2.2912800624375507,-0.3630716343144713,-2.3283747350909767,-0.4008975203320553,48.209010204741595,112.36145987700318,25.602401927852224,79.96954347734338
198,Kepulauan Riau,2010,75.07,6.96,8.05,65703.34,65703.34,111223.67,111223.67,6.9,925000.0,,,,,57.303935394327475,128.45438385552285,29.38852119237775,87.912501860636
199,Kepulauan Riau,2011,75.78,3.79,7.4,72571.75,68024.21,126914.2,118961.42,5.38,975000.0,6.956927423811865,14.107185997369086,3.5323470618084496,10.453669478598805,57.303935394327475,128.45438385552285,29.38852119237775,87.912501860636
200,Kepulauan Riau,2012,72.36,4.3,7.11,80240.25,70930.0,144840.79,128034.97,5.08,1015000.0,7.627304717781613,14.124967891693775,4.271699737490509,10.566783906961042,57.303935394327475,128.45438385552285,29.38852119237775,87.912501860636
201,Kepulauan Riau,2013,73.02,8.38,6.35,87710.29,73743.33,163261.57,137263.85,5.63,1365087.0,7.208093226405254,12.717950516563747,3.96634710277739,9.309592131131183,57.303935394327475,128.45438385552285,29.38852119237775,87.912501860636
202,Kepulauan Riau,2014,73.4,8.36,6.4,94335.33,76313.81,180879.98,146325.23,6.69,1665000.0,6.601432205201885,10.791523075516185,3.485711860313323,7.553321280775616,57.303935394327475,128.45438385552285,29.38852119237775,87.912501860636
203,Kepulauan Riau,2015,73.75,3.35,5.78,101148.53,78625.43,199570.39,155131.35,6.2,1954000.0,6.018182920334381,10.333045149606935,3.0290978788767076,7.2223206300332965,57.303935394327475,128.45438385552285,29.38852119237775,87.912501860636
204,Kepulauan Riau,2016,73.99,3.02,5.84,106503.78,80295.6,216007.66,162853.04,7.69,2178710.0,4.977517439253898,8.236327042303216,2.1242109582103597,5.294441748189516,57.303935394327475,128.45438385552285,29.38852119237775,87.912501860636
205,Kepulauan Riau,2017,74.45,3.61,6.13,109332.85,79743.68,227706.88,166081.68,7.16,2358454.0,1.9825481919158339,5.416113484123675,-0.6873602040460614,2.6563094755885697,57.303935394327475,128.45438385552285,29.38852119237775,87.912501860636
206,Kepulauan Riau,2018,74.84,3.13,5.83,116461.4,81206.2,248822.23,173498.75,8.04,2563875.0,4.465917011436793,9.273039971387774,1.834026220008922,6.5200440672679605,57.303935394327475,128.45438385552285,29.38852119237775,87.912501860636
207,Kepulauan Riau,2019,75.48,2.72,5.9,119394.66,81138.52,267631.48,181877.67,7.5,2769754.0,4.829383496999262,7.55931252605524,-0.08334339003671642,2.518654249390795,57.303935394327475,128.45438385552285,29.38852119237775,87.912501860636
208,Kepulauan Riau,2020,75.59,1.68,5.92,123464.79,85012.58,254095.35,174959.21,10.34,3005460.0,-3.8039084182242,-5.057749559207303,4.7746249253745265,3.40897155701938,57.303935394327475,128.45438385552285,29.38852119237775,87.912501860636
209,Lampung,2010,71.42,6.96,18.94,19722.39,19722.39,150560.84,150560.84,5.57,767500.0,,,,,59.61626542466155,134.47337966499126,35.61561250943724,99.2168799014724
210,Lampung,2011,71.94,3.79,16.93,21981.47,20739.31,170046.79,160437.5,6.38,855000.0,6.559912922908784,12.942243149015376,5.156170220749123,11.454392697842408,59.61626542466155,134.47337966499126,35.61561250943724,99.2168799014724
211,Lampung,2012,64.87,4.3,16.18,23910.84,21794.83,187348.82,170769.21,5.2,975000.0,6.439710167510704,10.174864224135005,5.08946536794137,8.777256480117114,59.61626542466155,134.47337966499126,35.61561250943724,99.2168799014724
212,Lampung,2013,65.73,8.38,14.39,25768.94,22770.68,204402.64,180620.01,5.69,1150000.0,5.768487188059268,9.102710121152624,4.477437997910516,7.770952421579502,59.61626542466155,134.47337966499126,35.61561250943724,99.2168799014724
213,Lampung,2014,66.42,8.36,14.21,28755.17,23647.27,230794.45,189797.49,4.79,1399037.0,5.081098157396835,12.911677657392296,3.8496434889076614,11.588485983513475,59.61626542466155,134.47337966499126,35.61561250943724,99.2168799014724
214,Lampung,2015,66.95,3.35,13.53,31153.72,24581.78,252883.1,199536.92,5.14,1581000.0,5.131485142401004,9.570702415071075,3.9518726685997985,8.341282628480396,59.61626542466155,134.47337966499126,35.61561250943724,99.2168799014724
215,Lampung,2016,67.65,3.02,13.86,34053.97,25568.57,279417.62,209793.73,4.62,1763000.0,5.14030686651874,10.492800823779834,4.014314667204744,9.309482142100522,59.61626542466155,134.47337966499126,35.61561250943724,99.2168799014724
216,Lampung,2017,68.25,3.61,13.04,36998.32,26614.88,306700.43,220626.1,4.33,1908448.0,5.1633430608245545,9.764169489382946,4.0921725383938234,8.646128483698078,59.61626542466155,134.47337966499126,35.61561250943724,99.2168799014724
217,Lampung,2018,69.02,3.13,13.01,39716.46,27736.26,332446.07,232165.99,4.04,2074673.0,5.230518963984765,8.39439318686317,4.213357339954182,7.346657902304754,59.61626542466155,134.47337966499126,35.61561250943724,99.2168799014724
218,Lampung,2019,69.57,2.72,12.62,42172.32,28894.5,356676.83,244378.31,4.03,2241270.0,5.260167520660541,7.288628799251562,4.175905475359687,6.183481609388153,59.61626542466155,134.47337966499126,35.61561250943724,99.2168799014724
219,Lampung,2020,69.69,1.68,12.34,39290.33,26746.64,353025.09,240319.59,4.67,2432002.0,-1.6608347933988132,-1.0238231622726857,-7.433456194085386,-6.833842672160317,59.61626542466155,134.47337966499126,35.61561250943724,99.2168799014724
220,Maluku,2010,71.42,6.96,27.74,11951.84,11951.84,18428.58,18428.58,9.97,840000.0,,,,,66.9466122728935,151.04196850761153,39.62804053601787,109.96231542590932
221,Maluku,2011,71.87,3.79,23.0,13604.41,12477.19,21367.86,19597.39,10.81,900000.0,6.342376895018487,15.949573976942322,4.395557504116532,13.826908660089154,66.9466122728935,151.04196850761153,39.62804053601787,109.96231542590932
222,Maluku,2012,65.43,4.3,21.78,15418.36,13129.11,24661.75,21000.08,7.71,975000.0,7.157534753352368,15.415160900530056,5.224894387277912,13.3335440493193,66.9466122728935,151.04196850761153,39.62804053601787,109.96231542590932
223,Maluku,2013,66.09,8.38,19.27,17092.99,13572.07,27834.44,22100.94,9.91,1275000.0,5.242170506017096,12.864821028515806,3.373876827903799,10.861271886244728,66.9466122728935,151.04196850761153,39.62804053601787,109.96231542590932
224,Maluku,2014,66.74,8.36,18.44,19099.98,14219.62,31656.48,23567.73,10.51,1415000.0,6.6367765352966845,13.7313342750923,4.771195550862917,11.741596993855353,66.9466122728935,151.04196850761153,39.62804053601787,109.96231542590932
225,Maluku,2015,67.05,3.35,19.36,20365.6,14740.38,34345.96,24859.2,9.93,1650000.0,5.4798234704827475,8.495827710471904,3.6622638298350996,6.626289661036289,66.9466122728935,151.04196850761153,39.62804053601787,109.96231542590932
226,Maluku,2016,67.6,3.02,19.26,21599.17,15321.18,37054.41,26284.23,7.05,1775000.0,5.732404904421706,7.8857891874328345,3.9401969284374116,6.0571257414463675,66.9466122728935,151.04196850761153,39.62804053601787,109.96231542590932
227,Maluku,2017,68.19,3.61,18.29,22859.29,15942.45,39881.55,27814.05,9.29,1925000.0,5.8202960482388155,7.629699137025803,4.054974877914108,5.834113070085567,66.9466122728935,151.04196850761153,39.62804053601787,109.96231542590932
228,Maluku,2018,68.87,3.13,17.85,24268.62,16607.02,43047.09,29457.13,6.95,2222220.0,5.907374150833844,7.937354490986426,4.168556275854707,6.165239602804795,66.9466122728935,151.04196850761153,39.62804053601787,109.96231542590932
229,Maluku,2019,69.45,2.72,17.69,26097.04,17556.86,46152.82,31049.45,6.69,2400664.0,5.40555037099677,7.214726942053473,5.719508978733101,7.534091349240302,66.9466122728935,151.04196850761153,39.62804053601787,109.96231542590932
230,Maluku,2020,69.49,1.68,17.44,25094.36,16688.12,46263.47,30765.89,7.57,2604961.0,-0.9132528917581539,0.23974699704156777,-4.94815132090819,-3.8421215586135427,66.9466122728935,151.04196850761153,39.62804053601787,109.96231542590932
231,Maluku Utara,2010,69.03,6.96,9.42,14361.54,14361.54,14983.91,14983.91,6.03,847000.0,,,,,87.07693786201331,182.29527539874442,52.5952648532121,130.2630497843546
232,Maluku Utara,2011,69.47,3.79,9.18,16002.57,14994.63,17078.14,16002.45,5.34,889350.0,6.797558180741881,13.976525486338343,4.4082319862633,11.426560104278494,87.07693786201331,182.29527539874442,52.5952648532121,130.2630497843546
233,Maluku Utara,2012,63.93,4.3,8.47,17726.06,15691.01,19340.46,17120.07,4.82,960498.0,6.984055566491376,13.246875830740358,4.644195955485397,10.770082555489523,87.07693786201331,182.29527539874442,52.5952648532121,130.2630497843546
234,Maluku Utara,2013,64.78,8.38,7.64,19230.01,16332.22,21439.49,18208.74,3.8,1200622.0,6.359027737620249,10.85305106496952,4.086480092740996,8.4844009328638,87.07693786201331,182.29527539874442,52.5952648532121,130.2630497843546
235,Maluku Utara,2014,65.18,8.36,7.41,21114.23,16869.52,24042.08,19208.76,5.29,1440746.0,5.491978028133726,12.139234655301978,3.289816081341068,9.798330838101489,87.07693786201331,182.29527539874442,52.5952648532121,130.2630497843546
236,Maluku Utara,2015,65.91,3.35,6.22,22917.73,17533.78,26638.3,20380.3,6.05,1577617.0,6.098988169980779,10.79864970085782,3.937634265823786,8.541632822982415,87.07693786201331,182.29527539874442,52.5952648532121,130.2630497843546
237,Maluku Utara,2016,66.63,3.02,6.41,24580.75,18177.3,29150.6,21556.68,4.01,1681266.0,5.772142706437111,9.431157393677525,3.670172661000648,7.256477844882547,87.07693786201331,182.29527539874442,52.5952648532121,130.2630497843546
238,Maluku Utara,2017,67.2,3.61,6.44,26686.06,19192.97,32272.57,23210.86,5.33,1975152.0,7.673630633288608,10.709796710873887,5.587573512017752,8.564872918849108,87.07693786201331,182.29527539874442,52.5952648532121,130.2630497843546
239,Maluku Utara,2018,67.76,3.13,6.62,29586.12,20309.45,36468.79,25034.08,4.63,2320803.0,7.855029929955215,13.002435194965889,5.817129917881392,10.86732174026439,87.07693786201331,182.29527539874442,52.5952648532121,130.2630497843546
240,Maluku Utara,2019,68.7,2.72,6.77,32124.96,21524.99,39695.49,26597.55,4.81,2508091.0,6.2453663166371465,8.847839481375708,5.985095608202107,8.58118604264433,87.07693786201331,182.29527539874442,52.5952648532121,130.2630497843546
241,Maluku Utara,2020,68.49,1.68,6.78,33069.32,21915.03,42298.87,28031.44,5.15,2721530.0,5.391060454816321,6.558377286689265,1.812033362152543,2.9396456836055185,87.07693786201331,182.29527539874442,52.5952648532121,130.2630497843546
242,Nusa Tenggara Barat,2010,65.2,6.96,21.55,15527.41,15527.41,70122.73,70122.73,5.29,890775.0,,,,,33.036563180013104,90.54269564234022,13.239168670113049,62.187769885640954
243,Nusa Tenggara Barat,2011,66.23,3.79,19.73,14879.83,14705.77,68176.69,67379.14,5.25,950000.0,-3.9125544598734185,-2.7751914393521093,-5.291545724625035,-4.170560318816852,33.036563180013104,90.54269564234022,13.239168670113049,62.187769885640954
244,Nusa Tenggara Barat,2012,62.98,4.3,18.63,14853.74,14276.69,69022.23,66340.81,5.23,1000000.0,-1.5410259020818606,1.240218614309363,-2.9177662917344693,-0.1753380246951708,33.036563180013104,90.54269564234022,13.239168670113049,62.187769885640954
245,Nusa Tenggara Barat,2013,63.76,8.38,17.25,15627.57,14809.84,73618.88,69766.71,5.3,1100000.0,5.164091303678697,6.659666023540556,3.7344090261818286,5.209664367357991,33.036563180013104,90.54269564234022,13.239168670113049,62.187769885640954
246,Nusa Tenggara Barat,2014,64.31,8.36,17.05,17097.66,15369.94,81620.73,73372.96,5.75,1210000.0,5.169012556275043,10.869290595021264,3.7819449771233193,9.407028731914169,33.036563180013104,90.54269564234022,13.239168670113049,62.187769885640954
247,Nusa Tenggara Barat,2015,65.19,3.35,16.54,21851.53,18475.14,105664.74,89337.99,5.69,1330000.0,21.75873782385227,29.45821484321447,20.20307171010427,27.80421414392378,33.036563180013104,90.54269564234022,13.239168670113049,62.187769885640954
248,Nusa Tenggara Barat,2016,65.81,3.02,16.02,23786.95,19305.79,116464.76,94524.29,3.94,1482950.0,5.805257091635929,10.221025481158597,4.4960417079383586,8.85713723478403,33.036563180013104,90.54269564234022,13.239168670113049,62.187769885640954
249,Nusa Tenggara Barat,2017,66.58,3.61,15.05,24986.54,19091.26,123822.76,94608.21,3.32,1631245.0,0.08878141269297313,6.317790892283637,-1.1112210378337428,5.043059324545607,33.036563180013104,90.54269564234022,13.239168670113049,62.187769885640954
250,Nusa Tenggara Barat,2018,67.3,3.13,14.63,24705.97,18020.5,123868.02,90349.13,3.58,1825000.0,-4.501808035475996,0.03655224612988395,-5.60863976500241,-1.1228845610476657,33.036563180013104,90.54269564234022,13.239168670113049,62.187769885640954
251,Nusa Tenggara Barat,2019,68.14,2.72,14.56,25716.11,18219.11,132500.1,93872.44,3.28,2012610.0,3.899661236361651,6.96877208499822,1.1021336810854265,4.088647399798506,33.036563180013104,90.54269564234022,13.239168670113049,62.187769885640954
252,Nusa Tenggara Barat,2020,68.25,1.68,13.97,25183.56,17583.11,133613.74,93288.87,4.22,2183883.0,-0.6216627585263645,0.8404823845415743,-3.4908401123874833,-2.070880860285629,33.036563180013104,90.54269564234022,13.239168670113049,62.187769885640954
253,Nusa Tenggara Timur,2010,67.26,6.96,23.03,9316.79,9316.79,43846.61,43846.61,3.34,800000.0,,,,,56.932565596291255,142.85218401148913,39.113900817770926,115.27790150899612
254,Nusa Tenggara Timur,2011,67.75,3.79,21.23,10194.01,9675.89,48815.24,46334.13,3.11,850000.0,5.673232206549139,11.331845266943086,3.854331803121025,9.415474643090583,56.932565596291255,142.85218401148913,39.113900817770926,115.27790150899612
255,Nusa Tenggara Timur,2012,60.81,4.3,20.88,11268.85,10030.98,54893.15,48863.19,3.04,925000.0,5.458309026197328,12.450845268813593,3.669843290901409,10.543838979949992,56.932565596291255,142.85218401148913,39.113900817770926,115.27790150899612
256,Nusa Tenggara Timur,2013,61.68,8.38,20.24,12379.02,10396.76,61325.26,51505.19,3.25,1010000.0,5.4069331126354925,11.717509379585621,3.6465031332930664,9.851670756110863,56.932565596291255,142.85218401148913,39.113900817770926,115.27790150899612
257,Nusa Tenggara Timur,2014,62.26,8.36,19.6,13599.73,10742.32,68500.43,54107.97,3.26,1150000.0,5.05343247932879,11.700186839811177,3.323727776730445,9.861119862476997,56.932565596291255,142.85218401148913,39.113900817770926,115.27790150899612
258,Nusa Tenggara Timur,2015,62.67,3.35,22.58,14867.16,11087.91,76120.79,56770.79,3.83,1250000.0,4.921308265676938,11.12454330578656,3.217089045941668,9.319523255241101,56.932565596291255,142.85218401148913,39.113900817770926,115.27790150899612
259,Nusa Tenggara Timur,2016,63.13,3.02,22.01,16093.51,11468.79,83742.79,59678.01,3.25,1425000.0,5.120978587756131,10.013033233102275,3.4350928173118467,8.248717307138698,56.932565596291255,142.85218401148913,39.113900817770926,115.27790150899612
260,Nusa Tenggara Timur,2017,63.73,3.61,21.38,17165.45,11863.41,90758.93,62725.41,3.27,1525000.0,5.106403514460345,8.378201872662716,3.4408163372073197,6.660697386710557,56.932565596291255,142.85218401148913,39.113900817770926,115.27790150899612
261,Nusa Tenggara Timur,2018,64.39,3.13,21.03,18417.54,12273.85,98930.19,65929.19,2.85,1660000.0,5.107627036634743,9.003257310327495,3.459713522503227,7.2942451261108765,56.932565596291255,142.85218401148913,39.113900817770926,115.27790150899612
262,Nusa Tenggara Timur,2019,65.23,2.72,21.09,19630.02,12761.98,106731.76,69389.02,3.14,1795000.0,5.24779691666164,7.885934516046111,3.976991734459845,6.583289624998767,56.932565596291255,142.85218401148913,39.113900817770926,115.27790150899612
263,Nusa Tenggara Timur,2020,65.19,1.68,20.9,20056.99,12960.95,106482.45,68809.61,4.28,1950000.0,-0.8350168369577804,-0.233585579400164,1.5590840919669224,2.1750869331768508,56.932565596291255,142.85218401148913,39.113900817770926,115.27790150899612
264,Papua,2010,64.94,6.96,36.8,38785.11,38785.11,110808.18,110808.18,3.55,1316500.0,,,,,24.347579754491065,79.758001620458,-17.214338182874826,19.675720914546847
265,Papua,2011,65.36,3.79,31.98,37111.15,36383.24,108188.76,106066.72,5.02,1403000.0,-4.278980125835464,-2.363922952258579,-6.192763150600844,-4.3159862122345345,24.347579754491065,79.758001620458,-17.214338182874826,19.675720914546847
266,Papua,2012,55.55,4.3,31.11,37935.01,36280.03,112812.56,107890.94,3.71,1585000.0,1.7198797134482913,4.273826597143726,-0.28367457103875005,2.2199797096021046,24.347579754491065,79.758001620458,-17.214338182874826,19.675720914546847
267,Papua,2013,56.25,8.38,31.53,40513.65,38621.36,122857.17,117118.82,3.15,1710000.0,8.552970249401849,8.90380468274099,6.453495214860627,6.7975202853511885,24.347579754491065,79.758001620458,-17.214338182874826,19.675720914546847
268,Papua,2014,56.75,8.36,27.8,43134.25,39271.88,133329.98,121391.23,3.44,2040000.0,3.6479278052835573,8.524378349265248,1.6843529073031105,6.468437181048858,24.347579754491065,79.758001620458,-17.214338182874826,19.675720914546847
269,Papua,2015,57.25,3.35,28.4,47726.07,41376.97,150307.28,130311.6,3.99,2193000.0,7.3484468359040545,12.733295242375341,5.360298513847583,10.645415186307861,24.347579754491065,79.758001620458,-17.214338182874826,19.675720914546847
270,Papua,2016,58.05,3.02,28.4,54002.15,44342.14,173208.86,142224.93,3.35,2435000.0,9.14218688129067,15.236507506489371,7.166232810184026,13.150213290136815,24.347579754491065,79.758001620458,-17.214338182874826,19.675720914546847
271,Papua,2017,59.09,3.61,27.76,57864.13,45577.05,188938.08,148818.29,3.62,2663647.0,4.635867987419662,9.081071256978435,2.784958055700515,7.151530077969115,24.347579754491065,79.758001620458,-17.214338182874826,19.675720914546847
272,Papua,2018,60.06,3.13,27.43,63385.68,48069.41,210600.57,159711.85,3.0,3000000.0,7.320041105162534,11.465391201180841,5.468453969706255,9.542267377043444,24.347579754491065,79.758001620458,-17.214338182874826,19.675720914546847
273,Papua,2019,60.84,2.72,27.53,56618.95,40203.42,189510.7,134565.89,3.51,3240900.0,-15.744580004551946,-10.014156182008428,-16.363816406317454,-10.675486955413282,24.347579754491065,79.758001620458,-17.214338182874826,19.675720914546847
274,Papua,2020,60.44,1.68,26.64,46416.36,32108.51,199186.57,137787.29,4.28,3516700.0,2.3939201828933054,5.105711709154148,-20.13487907247692,-18.01974427289803,24.347579754491065,79.758001620458,-17.214338182874826,19.675720914546847
275,Papua Barat,2010,69.15,6.96,34.88,54049.32,54049.32,41361.67,41361.67,7.68,1210000.0,,,,,48.94014192366991,102.09203351798901,0.811074033863881,36.78728983084339
276,Papua Barat,2011,69.65,3.79,31.92,56305.11,54539.86,44254.64,42867.19,6.73,1410000.0,3.639891716171051,6.994325906086485,0.9075784857237812,4.173577021875574,48.94014192366991,102.09203351798901,0.811074033863881,36.78728983084339
277,Papua Barat,2012,60.3,4.3,28.2,58762.56,55047.84,47421.09,44423.34,5.42,1450000.0,3.6301656348363354,7.155068937404074,0.9313921964596128,4.364523930421238,48.94014192366991,102.09203351798901,0.811074033863881,36.78728983084339
278,Papua Barat,2013,60.91,8.38,27.14,63984.19,57581.36,52997.66,47694.23,4.4,1720000.0,7.362998819989697,11.759683297030943,4.602396751625504,8.8859811417338,48.94014192366991,102.09203351798901,0.811074033863881,36.78728983084339
279,Papua Barat,2014,61.28,8.36,26.26,68463.58,59142.59,58180.96,50259.91,5.02,1870000.0,5.37943478697529,9.780243127715437,2.711346171747242,7.000776285516785,48.94014192366991,102.09203351798901,0.811074033863881,36.78728983084339
280,Papua Barat,2015,61.73,3.35,25.73,72159.85,60064.13,62888.03,52346.49,8.08,2015000.0,4.151579260687077,8.090395895839464,1.5581664583847354,5.398885071449677,48.94014192366991,102.09203351798901,0.811074033863881,36.78728983084339
281,Papua Barat,2016,62.21,3.02,24.88,74584.63,61242.01,66631.08,54711.28,7.46,2237000.0,4.517571283193966,5.9519275766787505,1.9610373112871171,3.3602896901808954,48.94014192366991,102.09203351798901,0.811074033863881,36.78728983084339
282,Papua Barat,2017,62.99,3.61,23.12,78423.63,62169.96,71785.93,56907.96,6.49,2421500.0,4.015040408486148,7.736404692825016,1.5152180668139392,5.147173083784162,48.94014192366991,102.09203351798901,0.811074033863881,36.78728983084339
283,Papua Barat,2018,63.74,3.13,22.66,84958.03,64499.45,79644.58,60465.52,6.45,2667000.0,6.25142774402736,10.947340237843273,3.746970401782468,8.332182532229115,48.94014192366991,102.09203351798901,0.811074033863881,36.78728983084339
284,Papua Barat,2019,64.7,2.72,22.17,87542.37,64418.52,84356.97,62074.52,6.43,2934500.0,2.661020694107985,5.916774248793821,-0.12547393814985597,3.04190198383838,48.94014192366991,102.09203351798901,0.811074033863881,36.78728983084339
285,Papua Barat,2020,65.09,1.68,21.37,73932.6,54487.7,83588.64,61604.13,6.8,3134600.0,-0.7577827424199213,-0.9108079628749155,-15.416094626203769,-15.546494800175036,48.94014192366991,102.09203351798901,0.811074033863881,36.78728983084339
286,Riau,2010,76.07,6.96,8.65,69701.03,69701.03,388578.23,388578.23,8.72,1016000.0,,,,,26.09964021916514,87.24658609927788,10.306461755299752,63.795140473533884
287,Riau,2011,76.53,3.79,8.47,84811.19,71637.89,485649.34,410215.84,6.09,1120000.0,5.568405105967988,24.98109840070044,2.778811159605543,21.678531866745733,26.09964021916514,87.24658609927788,10.306461755299752,63.795140473533884
288,Riau,2012,69.15,4.3,8.22,94996.15,72396.34,558492.72,425626.0,4.37,1238000.0,3.75659798997523,14.999172036350327,1.0587274415815306,12.008981362011294,26.09964021916514,87.24658609927788,10.306461755299752,63.795140473533884
289,Riau,2013,69.91,8.38,8.42,100691.44,72297.05,607498.45,436187.51,5.48,1400000.0,2.481406211086723,8.774640786723232,-0.13714781714102564,5.995285072079248,26.09964021916514,87.24658609927788,10.306461755299752,63.795140473533884
290,Riau,2014,70.33,8.36,7.99,109784.64,72390.88,679395.86,447986.78,6.56,1700000.0,2.7050912118047554,11.83499480533654,0.12978399533591922,9.030757728760253,26.09964021916514,87.24658609927788,10.306461755299752,63.795140473533884
291,Riau,2015,70.84,3.35,8.82,102887.81,70769.78,652761.63,448991.96,7.83,1878000.0,0.22437715684378023,-3.920281468892084,-2.2393704842378015,-6.282144751761265,26.09964021916514,87.24658609927788,10.306461755299752,63.795140473533884
292,Riau,2016,71.2,3.02,7.67,104861.11,70569.36,681699.03,458769.34,7.43,2095000.0,2.177629194072872,4.433073065278048,-0.2831999760349646,1.9179142796410975,26.09964021916514,87.24658609927788,10.306461755299752,63.795140473533884
293,Riau,2017,71.79,3.61,7.41,105844.77,70740.43,704705.03,470983.51,6.22,2266723.0,2.6623771327002776,3.374803100423951,0.24241398816708948,0.9380598774893834,26.09964021916514,87.24658609927788,10.306461755299752,63.795140473533884
294,Riau,2018,72.44,3.13,7.21,110384.9,70736.77,752263.07,482064.63,5.98,2464154.0,2.3527617771586185,6.748644890472821,-0.005173844716510612,4.28942308628002,26.09964021916514,87.24658609927788,10.306461755299752,63.795140473533884
295,Riau,2019,73.0,2.72,7.08,111227.01,72509.14,760247.51,495607.05,5.76,2662026.0,2.8092540205656658,1.061389335515317,2.505585143341982,0.7628851409930082,26.09964021916514,87.24658609927788,10.306461755299752,63.795140473533884
296,Riau,2020,72.71,1.68,6.82,114166.9,76884.74,727599.47,489995.75,6.32,2888564.0,-1.1322074615363054,-4.294396176318949,6.034549575405257,2.643143962963679,26.09964021916514,87.24658609927788,10.306461755299752,63.795140473533884
297,Sulawesi Barat,2010,69.64,6.96,13.58,14755.47,14755.47,17183.83,17183.83,3.25,944200.0,,,,,86.65233536411846,170.40485153775379,53.612321396743056,122.53950568839895
298,Sulawesi Barat,2011,70.11,3.79,13.89,17001.85,16023.45,20189.34,19027.5,3.35,1006000.0,10.729098227810674,17.49033830060003,8.593287777346315,15.224049115345007,86.65233536411846,170.40485153775379,53.612321396743056,122.53950568839895
299,Sulawesi Barat,2012,61.01,4.3,13.24,18688.25,17169.06,22626.21,20786.89,2.16,1127000.0,9.246564183418737,12.070082528700787,7.149583891109601,9.918920588053659,86.65233536411846,170.40485153775379,53.612321396743056,122.53950568839895
300,Sulawesi Barat,2013,61.53,8.38,12.23,20457.33,18008.81,25249.49,22227.39,2.35,1165000.0,6.929848572826436,11.593987680658868,4.89106567278581,9.466268912284459,86.65233536411846,170.40485153775379,53.612321396743056,122.53950568839895
301,Sulawesi Barat,2014,62.24,8.36,12.05,23415.05,19232.05,29458.25,24195.65,2.08,1400000.0,8.855110743996498,16.668693110237065,6.792453249270758,14.457996229224435,86.65233536411846,170.40485153775379,53.612321396743056,122.53950568839895
302,Sulawesi Barat,2015,62.96,3.35,11.9,25728.07,20250.51,32987.55,25964.43,3.35,1655500.0,7.310322310001993,11.980684528103346,5.295639310421918,9.87834747309957,86.65233536411846,170.40485153775379,53.612321396743056,122.53950568839895
303,Sulawesi Barat,2016,63.6,3.02,11.19,27513.06,21067.91,35945.2,27524.77,3.33,1864000.0,6.0095291905117865,8.965958369142268,4.036441551348591,6.937908673289539,86.65233536411846,170.40485153775379,53.612321396743056,122.53950568839895
304,Sulawesi Barat,2017,64.3,3.61,11.18,29675.86,22001.01,39497.41,29282.49,3.21,2017780.0,6.3859570852,9.88229304608128,4.429010756168972,7.860994015205858,86.65233536411846,170.40485153775379,53.612321396743056,122.53950568839895
305,Sulawesi Barat,2018,65.1,3.13,11.22,32059.09,22953.08,43457.83,31114.14,3.01,2193530.0,6.255103305763954,10.027037215857938,4.32739224244707,8.030870882933128,86.65233536411846,170.40485153775379,53.612321396743056,122.53950568839895
306,Sulawesi Barat,2019,65.73,2.72,11.02,34111.83,24163.56,46365.79,32843.81,2.98,2381000.0,5.559112352133133,6.691452380388063,5.273714900135396,6.402988980660407,86.65233536411846,170.40485153775379,53.612321396743056,122.53950568839895
307,Sulawesi Barat,2020,66.11,1.68,10.87,32836.75,22666.22,46465.91,32074.02,3.32,2678863.0,-2.343790199736262,0.21593506764363557,-6.196686249873773,-3.737940767176673,86.65233536411846,170.40485153775379,53.612321396743056,122.53950568839895
308,Sulawesi Selatan,2010,71.62,6.96,11.6,21306.72,21306.72,171740.74,171740.74,8.37,1000000.0,,,,,91.07555376784799,193.49619082810523,70.11656416379434,161.30267821607453
309,Sulawesi Selatan,2011,72.14,3.79,10.29,24311.67,22769.19,198289.08,185708.47,8.13,1100000.0,8.133032383580051,15.458382210301401,6.863890828808916,14.103296987992508,91.07555376784799,193.49619082810523,70.11656416379434,161.30267821607453
310,Sulawesi Selatan,2012,67.26,4.3,10.11,27670.91,24507.17,228285.47,202184.59,6.01,1200000.0,8.872034754257573,15.127605614994044,7.6330339375269896,13.817397159471167,91.07555376784799,193.49619082810523,70.11656416379434,161.30267821607453
311,Sulawesi Selatan,2013,67.92,8.38,10.32,31027.93,26083.42,258836.42,217589.13,5.1,1440000.0,7.619047524838574,13.382783407108656,6.431791186008007,12.131946509890712,91.07555376784799,193.49619082810523,70.11656416379434,161.30267821607453
312,Sulawesi Selatan,2014,68.49,8.36,9.54,35344.88,27749.47,298033.8,233988.05,5.08,1800000.0,7.53664486824317,15.14368804822752,6.387390917295366,13.913109898082144,91.07555376784799,193.49619082810523,70.11656416379434,161.30267821607453
313,Sulawesi Selatan,2015,69.15,3.35,10.12,39950.48,29435.92,340390.21,250802.99,5.95,2000000.0,7.186238784416554,14.211948443431588,6.077413370417517,13.030458725563655,91.07555376784799,193.49619082810523,70.11656416379434,161.30267821607453
314,Sulawesi Selatan,2016,69.76,3.02,9.24,43817.39,31302.53,377108.91,269401.31,4.8,2250000.0,7.41550967952973,10.78723738852534,6.341266045022542,9.679257921306572,91.07555376784799,193.49619082810523,70.11656416379434,161.30267821607453
315,Sulawesi Selatan,2017,70.34,3.61,9.48,47822.11,33234.11,415588.2,288814.17,5.61,2435625.0,7.205926355740422,10.203760499851366,6.170683328152715,9.139567646544,91.07555376784799,193.49619082810523,70.11656416379434,161.30267821607453
316,Sulawesi Selatan,2018,70.9,3.13,8.87,52642.08,35243.64,461774.74,309156.19,4.94,2647767.0,7.04329015435774,11.113534984872043,6.046588881122439,10.078957202013882,91.07555376784799,193.49619082810523,70.11656416379434,161.30267821607453
317,Sulawesi Selatan,2019,71.66,2.72,8.69,57182.14,37474.29,504320.73,330506.38,4.62,2860382.0,6.905955853576806,9.213581063355702,6.329227060541998,8.62439326105655,91.07555376784799,193.49619082810523,70.11656416379434,161.30267821607453
318,Sulawesi Selatan,2020,71.93,1.68,8.72,55675.03,36246.26,504052.53,328154.57,6.31,3103800.0,-0.7115777916299248,-0.053180443326206195,-3.2769933733234113,-2.635630635719477,91.07555376784799,193.49619082810523,70.11656416379434,161.30267821607453
319,Sulawesi Tengah,2010,71.14,6.96,18.07,19558.53,19558.53,51752.07,51752.07,4.61,777500.0,,,,,159.22188233243617,281.5128167820147,130.3461456459151,239.0145885196894
320,Sulawesi Tengah,2011,71.62,3.79,15.83,22547.48,21105.7,60716.29,56833.83,6.78,827500.0,9.819433309624138,17.321471392352027,7.910461573543626,15.28207897014755,159.22188233243617,281.5128167820147,130.3461456459151,239.0145885196894
321,Sulawesi Tengah,2012,65.0,4.3,15.4,25421.64,22724.47,69637.92,62249.53,3.95,885000.0,9.529007635065234,14.693964338071375,7.669823791677133,12.747145135509609,159.22188233243617,281.5128167820147,130.3461456459151,239.0145885196894
322,Sulawesi Tengah,2013,65.79,8.38,14.32,28663.64,24490.98,79842.22,68219.32,4.19,995000.0,9.590096503539879,14.653367016131448,7.773602640677635,12.752914446117568,159.22188233243617,281.5128167820147,130.3461456459151,239.0145885196894
323,Sulawesi Tengah,2014,66.43,8.36,13.61,31874.69,25316.27,90246.27,71677.53,3.68,1250000.0,5.069253108943328,13.030762421185194,3.3697712382273037,11.202519986993975,159.22188233243617,281.5128167820147,130.3461456459151,239.0145885196894
324,Sulawesi Tengah,2015,66.76,3.35,14.07,37394.89,28778.64,107573.47,82787.2,4.1,1500000.0,15.499515678065357,19.19990709865349,13.676461816847429,17.318442940150945,159.22188233243617,281.5128167820147,130.3461456459151,239.0145885196894
325,Sulawesi Tengah,2016,67.47,3.02,14.09,41082.04,31151.08,120030.01,91014.56,3.29,1670000.0,9.93796142398824,11.579565110245117,8.24375300570146,9.86003702644933,159.22188233243617,281.5128167820147,130.3461456459151,239.0145885196894
326,Sulawesi Tengah,2017,68.11,3.61,14.22,45157.28,32860.48,133951.16,97474.86,3.81,1807775.0,7.098095074018929,11.598057852365429,5.48745019434318,9.919760557168033,159.22188233243617,281.5128167820147,130.3461456459151,239.0145885196894
327,Sulawesi Tengah,2018,68.88,3.13,13.69,55518.66,39049.35,167135.77,117555.83,3.37,1965232.0,20.601178601333725,24.77366377416963,18.83377844754548,22.945093238565306,159.22188233243617,281.5128167820147,130.3461456459151,239.0145885196894
328,Sulawesi Tengah,2019,69.5,2.72,13.48,61056.03,42054.5,185740.09,127935.06,3.11,2123040.0,8.829192052831413,11.131261728114827,7.695774705596903,9.973889859733642,159.22188233243617,281.5128167820147,130.3461456459151,239.0145885196894
329,Sulawesi Tengah,2020,69.55,1.68,12.92,66306.27,45052.32,197440.78,134152.69,3.77,2303711.0,4.859989122606434,6.299496247686753,7.128416697380779,8.599052378610272,159.22188233243617,281.5128167820147,130.3461456459151,239.0145885196894
330,Sulawesi Tenggara,2010,70.0,6.96,17.05,21573.11,21573.11,48401.15,48401.15,4.61,860000.0,,,,,93.06508213131299,168.81028653244806,65.52365421582701,130.46352612117585
331,Sulawesi Tenggara,2011,70.55,3.79,14.56,24302.1,23338.07,55758.55,53546.69,4.69,930000.0,10.631028394986487,15.20087849152345,8.181296067187338,12.64996099310669,93.06508213131299,168.81028653244806,65.52365421582701,130.46352612117585
332,Sulawesi Tenggara,2012,67.07,4.3,13.71,27582.58,25489.79,64693.98,59785.4,4.14,1032300.0,11.650972263645043,16.025219450649274,9.219785526395285,13.498751136733045,93.06508213131299,168.81028653244806,65.52365421582701,130.46352612117585
333,Sulawesi Tenggara,2013,67.55,8.38,13.73,29641.12,26815.36,71041.25,64268.71,4.38,1125207.0,7.499004773740747,9.811222002418152,5.2003959232304275,7.463188722737302,93.06508213131299,168.81028653244806,65.52365421582701,130.46352612117585
334,Sulawesi Tenggara,2014,68.07,8.36,12.77,32115.83,27896.05,78622.15,68291.78,4.43,1400000.0,6.259764666196044,10.671124170816238,4.03011557555073,8.34890854326693,93.06508213131299,168.81028653244806,65.52365421582701,130.46352612117585
335,Sulawesi Tenggara,2015,68.75,3.35,13.74,35092.25,29202.7,87714.48,72993.33,5.55,1652000.0,6.884503522971586,11.564590894550708,4.683996479788366,9.267766082956586,93.06508213131299,168.81028653244806,65.52365421582701,130.46352612117585
336,Sulawesi Tenggara,2016,69.31,3.02,12.77,38022.13,30476.39,96994.76,77745.51,2.72,1850000.0,6.510430473578888,10.580100343751674,4.361548760902245,8.34907992505467,93.06508213131299,168.81028653244806,65.52365421582701,130.46352612117585
337,Sulawesi Tenggara,2017,69.86,3.61,11.97,41278.78,31894.42,107423.45,83001.69,3.3,2002625.0,6.760750556527317,10.751807623422138,4.652880475673138,8.565143509845452,93.06508213131299,168.81028653244806,65.52365421582701,130.46352612117585
338,Sulawesi Tenggara,2018,70.61,3.13,11.32,44492.09,33278.66,118066.61,88310.05,3.19,2177052.0,6.395484236525784,9.90766913555654,4.3400695168622105,7.784411264092594,93.06508213131299,168.81028653244806,65.52365421582701,130.46352612117585
339,Sulawesi Tenggara,2019,71.2,2.72,11.24,48514.15,35309.9,129225.15,94053.52,3.52,2351870.0,6.503755801293276,9.451054790173096,6.103731340144103,9.03994395408263,93.06508213131299,168.81028653244806,65.52365421582701,130.46352612117585
340,Sulawesi Tenggara,2020,71.45,1.68,11.0,49718.15,35708.6,130107.27,93445.72,4.58,2552015.0,-0.6462278073165129,0.6826225390336171,1.1291450839566064,2.4817501697958155,93.06508213131299,168.81028653244806,65.52365421582701,130.46352612117585
341,Sulawesi Utara,2010,76.09,6.96,9.1,22707.79,22707.79,51721.33,51721.33,9.61,1000000.0,,,,,70.38689840342465,155.6586615232052,48.277045014067866,122.48369392177749
342,Sulawesi Utara,2011,76.54,3.79,8.51,24867.95,23812.97,57343.6,54910.9,10.1,1050000.0,6.166836777012508,10.87031211301024,4.866964156353393,9.512858803080348,70.38689840342465,155.6586615232052,48.277045014067866,122.48369392177749
343,Sulawesi Utara,2012,69.04,4.3,8.18,27373.41,25145.96,63875.31,58677.59,7.98,1250000.0,6.859639889348013,11.390477751658423,5.597747781986029,10.075056448159181,70.38689840342465,155.6586615232052,48.277045014067866,122.48369392177749
344,Sulawesi Utara,2013,69.49,8.38,8.5,30121.09,26445.86,71097.46,62422.5,6.79,1550000.0,6.382180999594578,11.306637885593052,5.169418864899189,10.037770230307451,70.38689840342465,155.6586615232052,48.277045014067866,122.48369392177749
345,Sulawesi Utara,2014,69.96,8.36,8.26,33800.17,27805.52,80667.63,66360.76,7.54,1900000.0,6.309039208618672,13.460635583887237,5.1412962180091615,12.214299017731435,70.38689840342465,155.6586615232052,48.277045014067866,122.48369392177749
346,Sulawesi Utara,2015,70.39,3.35,8.98,37786.58,29196.47,91145.68,70425.33,9.03,2150000.0,6.124959991416623,12.989163063300602,5.0024239791235825,11.794053106833502,70.38689840342465,155.6586615232052,48.277045014067866,122.48369392177749
347,Sulawesi Utara,2016,71.05,3.02,8.2,41246.25,30679.97,100513.84,74764.66,6.18,2400000.0,6.161604070580862,10.278227119486093,5.081093707561224,9.15581669471013,70.38689840342465,155.6586615232052,48.277045014067866,122.48369392177749
348,Sulawesi Utara,2017,71.66,3.61,7.9,44744.2,32297.08,110116.73,79484.03,7.18,2598000.0,6.312300490632872,9.553798760449306,5.270898244033484,8.480649756038417,70.38689840342465,155.6586615232052,48.277045014067866,122.48369392177749
349,Sulawesi Utara,2018,72.2,3.13,7.59,48105.41,33911.61,119512.68,84249.72,6.61,2824286.0,5.9957830522684885,8.532717962111658,4.9989968133342,7.512057428672336,70.38689840342465,155.6586615232052,48.277045014067866,122.48369392177749
350,Sulawesi Utara,2019,72.99,2.72,7.66,52173.02,35687.44,130126.51,89009.26,6.01,3051076.0,5.649324413184975,8.880923764741944,5.236643143749298,8.455618609216708,70.38689840342465,155.6586615232052,48.277045014067866,122.48369392177749
351,Sulawesi Utara,2020,72.93,1.68,7.62,50521.13,33670.44,132230.06,88126.37,7.37,3310723.0,-0.9919080329394925,1.616542240316754,-5.651848381391322,-3.1661766943910874,70.38689840342465,155.6586615232052,48.277045014067866,122.48369392177749
352,Sumatera Barat,2010,73.78,6.96,9.5,21584.91,21584.91,105017.74,105017.74,6.95,940000.0,,,,,61.33141886313682,130.33644601378776,42.21143382112781,103.03841896954866
353,Sumatera Barat,2011,74.28,3.79,9.04,24056.68,22638.75,118674.29,111679.49,8.02,1055000.0,6.3434520681934226,13.0040410315438,4.882299717719474,11.451379690719122,61.33141886313682,130.33644601378776,42.21143382112781,103.03841896954866
354,Sumatera Barat,2012,68.36,4.3,8.19,26286.16,23744.01,131435.65,118724.42,6.65,1150000.0,6.3081681336474515,10.753264249569128,4.882160013251613,9.267612987328256,61.33141886313682,130.33644601378776,42.21143382112781,103.03841896954866
355,Sumatera Barat,2013,68.91,8.38,7.56,28994.48,24857.64,146899.83,125940.63,7.02,1350000.0,6.078117711587905,11.765590233699918,4.690151326587211,10.303216597631604,61.33141886313682,130.33644601378776,42.21143382112781,103.03841896954866
356,Sumatera Barat,2014,69.36,8.36,6.89,32141.09,25982.83,164944.26,133340.84,6.5,1490000.0,5.8759512319415785,12.28349277191132,4.526535906063489,10.852445017120505,61.33141886313682,130.33644601378776,42.21143382112781,103.03841896954866
357,Sumatera Barat,2015,69.98,3.35,6.71,34630.86,27080.76,179951.98,140719.47,6.89,1615000.0,5.533660954888253,9.098661572097132,4.225598212357906,7.74637698970384,61.33141886313682,130.33644601378776,42.21143382112781,103.03841896954866
358,Sumatera Barat,2016,70.73,3.02,7.14,37284.56,28164.93,196099.18,148134.24,5.09,1800725.0,5.269185564726753,8.973060479801331,4.003469621975175,7.662818653651682,61.33141886313682,130.33644601378776,42.21143382112781,103.03841896954866
359,Sumatera Barat,2017,71.24,3.61,6.75,40194.29,29312.17,213893.47,155984.36,5.58,1949285.0,5.299328500959666,9.074127693955681,4.073292566322717,7.804115161879355,61.33141886313682,130.33644601378776,42.21143382112781,103.03841896954866
360,Sumatera Barat,2018,71.73,3.13,6.55,42802.66,30470.8,230367.22,163996.19,5.66,2119067.0,5.136303408880227,7.70184802743159,3.9527268025533413,6.489404340765814,61.33141886313682,130.33644601378776,42.21143382112781,103.03841896954866
361,Sumatera Barat,2019,72.39,2.72,6.42,44885.51,31427.29,245949.74,172205.57,5.38,2289220.0,5.005835806307446,6.764208900901791,3.1390380298515375,4.86616953245429,61.33141886313682,130.33644601378776,42.21143382112781,103.03841896954866
362,Sumatera Barat,2020,72.38,1.68,6.28,43825.66,30696.21,241894.13,169426.61,6.88,2484041.0,-1.6137457110127262,-1.6489588482589967,-2.326258484266386,-2.361229715335744,61.33141886313682,130.33644601378776,42.21143382112781,103.03841896954866
363,Sumatera Selatan,2010,72.95,6.96,15.47,25932.0,25932.0,194012.97,194012.97,6.65,927825.0,,,,,62.426883109928156,134.31804585023363,43.92734844979175,107.63049514113835
364,Sumatera Selatan,2011,73.42,3.79,14.24,29830.37,27157.98,226666.93,206360.7,6.6,1048440.0,6.364383783207894,16.830812909054483,4.727672373900971,15.033047971618064,62.426883109928156,134.31804585023363,43.92734844979175,107.63049514113835
365,Sumatera Selatan,2012,65.79,4.3,13.78,32830.49,28577.89,253265.12,220459.2,5.66,1195220.0,6.831969459301113,11.73448195552831,5.228334360655684,10.057267140836679,62.426883109928156,134.31804585023363,43.92734844979175,107.63049514113835
366,Sumatera Selatan,2013,66.16,8.38,14.06,35810.16,29656.76,280348.46,232175.05,4.84,1630000.0,5.314293982741458,10.693671517025338,3.7751912405009636,9.07592302155711,62.426883109928156,134.31804585023363,43.92734844979175,107.63049514113835
367,Sumatera Selatan,2014,66.75,8.36,13.62,38584.88,30636.27,306421.6,243297.77,4.96,1825000.0,4.7906611843089975,9.300261538800658,3.3028220210164605,7.7484155334687,62.426883109928156,134.31804585023363,43.92734844979175,107.63049514113835
368,Sumatera Selatan,2015,67.46,3.35,13.77,41201.28,31549.3,331765.7,254044.88,6.07,1974346.0,4.417266134416287,8.270990034645088,2.9802257259124554,6.780894485093647,62.426883109928156,134.31804585023363,43.92734844979175,107.63049514113835
369,Sumatera Selatan,2016,68.24,3.02,13.39,43361.26,32699.5,353866.96,266857.4,4.31,2206000.0,5.043408078131706,6.661707343465584,3.645722726019285,5.24250702890785,62.426883109928156,134.31804585023363,43.92734844979175,107.63049514113835
370,Sumatera Selatan,2017,68.86,3.61,13.1,46315.05,34059.71,382885.7,281571.01,4.39,2388000.0,5.513660104610163,8.200466073464451,4.159727212954323,6.812048358373346,62.426883109928156,134.31804585023363,43.92734844979175,107.63049514113835
371,Sumatera Selatan,2018,69.39,3.13,12.82,50104.67,35659.82,419392.16,298484.07,4.27,2595995.0,6.006676610635453,9.53455822455631,4.6979554435431226,8.182264728203892,62.426883109928156,134.31804585023363,43.92734844979175,107.63049514113835
372,Sumatera Selatan,2019,70.02,2.72,12.71,53359.1,37125.75,453402.71,315464.75,4.53,2804453.0,5.68897361926215,8.109486357589525,4.110873246135283,6.495262816819269,62.426883109928156,134.31804585023363,43.92734844979175,107.63049514113835
373,Sumatera Selatan,2020,70.01,1.68,12.66,53842.74,37323.24,454607.4,315129.22,5.51,3043111.0,-0.10636053631983833,0.26569977934185474,0.5319488495181934,0.9063871017314762,62.426883109928156,134.31804585023363,43.92734844979175,107.63049514113835
374,Sumatera Utara,2010,74.19,6.96,11.31,25412.07,25412.07,331085.24,331085.24,7.43,965000.0,,,,,61.21116121032759,145.0089016351197,42.35424347563974,116.35010449758718
375,Sumatera Utara,2011,74.65,3.79,11.33,28518.19,26711.24,377037.1,353147.59,8.18,1035500.0,6.6636464978022,13.879162961175794,5.112413117073911,12.223010561516624,61.21116121032759,145.0089016351197,42.35424347563974,116.35010449758718
376,Sumatera Utara,2012,67.74,4.3,10.67,31109.35,28036.88,417120.44,375924.14,6.28,1200000.0,6.449583869452424,10.631139482029761,4.962854588555232,9.085990380174902,61.21116121032759,145.0089016351197,42.35424347563974,116.35010449758718
377,Sumatera Utara,2013,68.36,8.38,10.39,34544.18,29339.21,469464.02,398727.14,6.45,1375000.0,6.065851477375195,12.54879286184105,4.645060363349973,11.041150007955824,61.21116121032759,145.0089016351197,42.35424347563974,116.35010449758718
378,Sumatera Utara,2014,68.87,8.36,9.85,37913.9,30477.07,521954.95,419573.31,6.23,1505850.0,5.228179350921525,11.181033639170046,3.8782912014331705,9.754812532820289,61.21116121032759,145.0089016351197,42.35424347563974,116.35010449758718
379,Sumatera Utara,2015,69.51,3.35,10.79,41019.54,31637.41,571722.01,440955.85,6.71,1625000.0,5.096258386883568,9.534742414072328,3.8072557499785997,8.19129659570763,61.21116121032759,145.0089016351197,42.35424347563974,116.35010449758718
380,Sumatera Utara,2016,70.0,3.02,10.27,44392.46,32885.09,626062.91,463775.46,5.84,1811875.0,5.175032829250381,9.504776630866463,3.9436856556841926,8.222715320552098,61.21116121032759,145.0089016351197,42.35424347563974,116.35010449758718
381,Sumatera Utara,2017,70.57,3.61,9.28,48003.6,34183.58,684634.43,487531.23,5.6,1961355.0,5.1222567921122675,9.35553265725324,3.9485675727206626,8.134579611042048,61.21116121032759,145.0089016351197,42.35424347563974,116.35010449758718
382,Sumatera Utara,2018,71.18,3.13,8.94,51427.49,35570.5,741347.43,512762.63,5.55,2132189.0,5.175340254613037,8.283690903479691,4.057269601370006,7.132569223974872,61.21116121032759,145.0089016351197,42.35424347563974,116.35010449758718
383,Sumatera Utara,2019,71.74,2.72,8.83,54620.4,36853.59,799608.95,539513.85,5.39,2303403.0,5.2170767592794265,7.858868546964537,3.6071744844744735,6.208566663471227,61.21116121032759,145.0089016351197,42.35424347563974,116.35010449758718
384,Sumatera Utara,2020,71.77,1.68,8.75,54979.04,36175.16,811188.31,533746.36,6.91,2499423.0,-1.0690161151562627,1.4481278630010364,-1.840879002561202,0.6566044920945258,61.21116121032759,145.0089016351197,42.35424347563974,116.35010449758718
