Provinsi,2010 PDRBK_ADHK,2011 PDRBK_ADHK,2012 PDRBK_ADHK,2013 PDRBK_ADHK,2014 PDRBK_ADHK,2015 PDRBK_ADHK,2016 PDRBK_ADHK,2017 PDRBK_ADHK,2018 PDRBK_ADHK,2019 PDRBK_ADHK,2020 PDRBK_ADHK,2010 PDRBK_ADHB,2011 PDRBK_ADHB,2012 PDRBK_ADHB,2013 PDRBK_ADHB,2014 PDRBK_ADHB,2015 PDRBK_ADHB,2016 PDRBK_ADHB,2017 PDRBK_ADHB,2018 PDRBK_ADHB,2019 PDRBK_ADHB,2020 PDRBK_ADHB,2010 PDRB_ADHK,2011 PDRB_ADHK,2012 PDRB_ADHK,2013 PDRB_ADHK,2014 PDRB_ADHK,2015 PDRB_ADHK,2016 PDRB_ADHK,2017 PDRB_ADHK,2018 PDRB_ADHK,2019 PDRB_ADHK,2020 PDRB_ADHK,2010 PDRB_ADHB,2011 PDRB_ADHB,2012 PDRB_ADHB,2013 PDRB_ADHB,2014 PDRB_ADHB,2015 PDRB_ADHB,2016 PDRB_ADHB,2017 PDRB_ADHB,2018 PDRB_ADHB,2019 PDRB_ADHB,2020 PDRB_ADHB,2010 IPM,2011 IPM,2012 IPM,2013 IPM,2014 IPM,2015 IPM,2016 IPM,2017 IPM,2018 IPM,2019 IPM,2020 IPM,2010 Pengangguran,2011 Pengangguran,2012 Pengangguran,2013 Pengangguran,2014 Pengangguran,2015 Pengangguran,2016 Pengangguran,2017 Pengangguran,2018 Pengangguran,2019 Pengangguran,2020 Pengangguran,2010 Inflasi,2011 Inflasi,2012 Inflasi,2013 Inflasi,2014 Inflasi,2015 Inflasi,2016 Inflasi,2017 Inflasi,2018 Inflasi,2019 Inflasi,2020 Inflasi,2010 Kemiskinan,2011 Kemiskinan,2012 Kemiskinan,2013 Kemiskinan,2014 Kemiskinan,2015 Kemiskinan,2016 Kemiskinan,2017 Kemiskinan,2018 Kemiskinan,2019 Kemiskinan,2020 Kemiskinan,2010 Upah Minimum,2011 Upah Minimum,2012 Upah Minimum,2013 Upah Minimum,2014 Upah Minimum,2015 Upah Minimum,2016 Upah Minimum,2017 Upah Minimum,2018 Upah Minimum,2019 Upah Minimum,2020 Upah Minimum
Aceh,22450.14,22704.8,23099.13,23228.59,23129.04,22524.31,22835.29,23362.9,24013.79,24842.3,25018.28,22450.14,23428.63,24294.69,25218.83,26065.08,25808.45,26851.88,28096.71,29521.25,30879.06,31633.38,101545.24,104874.21,108914.9,111755.83,113490.36,112665.53,116374.3,121240.98,126824.37,132069.62,131580.97,101545.24,108217.63,114552.08,121331.13,127897.07,129092.66,136843.82,145806.92,155910.98,164162.98,166372.32,"71,70","72,16",67.81,68.3,68.81,69.45,70,70.6,71.19,71.9,"71,99",8.37,9,9.06,10.12,9.02,9.93,7.57,6.57,6.34,6.17,6.59,6.96,3.79,4.3,8.38,8.36,3.35,3.02,3.61,3.13,2.72,1.68,"20,98","19,57","19,46","17,72",16.98,17.11,16.43,15.92,15.68,15.32,14.99,1300000,1350000,1400000,1550000,1750000,1900000,2118500,2500000,2700000,2916810,3165031
Sumatera Utara,25412.07,26711.24,28036.88,29339.21,30477.07,31637.41,32885.09,34183.58,35570.5,36853.59,36175.16,25412.07,28518.19,31109.35,34544.18,37913.9,41019.54,44392.46,48003.6,51427.49,54620.4,54979.04,331085.24,353147.59,375924.14,398727.14,419573.31,440955.85,463775.46,487531.23,512762.63,539513.85,533746.36,331085.24,377037.1,417120.44,469464.02,521954.95,571722.01,626062.91,684634.43,741347.43,799608.95,811188.31,"74,19","74,65",67.74,68.36,68.87,69.51,70,70.57,71.18,71.74,"71,77",7.43,8.18,6.28,6.45,6.23,6.71,5.84,5.6,5.55,5.39,6.91,6.96,3.79,4.3,8.38,8.36,3.35,3.02,3.61,3.13,2.72,1.68,"11,31","11,33","10,67","10,39",9.85,10.79,10.27,9.28,8.94,8.83,8.75,965000,1035500,1200000,1375000,1505850,1625000,1811875,1961355,2132189,2303403,2499423
Sumatera Barat,21584.91,22638.75,23744.01,24857.64,25982.83,27080.76,28164.93,29312.17,30470.8,31427.29,30696.21,21584.91,24056.68,26286.16,28994.48,32141.09,34630.86,37284.56,40194.29,42802.66,44885.51,43825.66,105017.74,111679.49,118724.42,125940.63,133340.84,140719.47,148134.24,155984.36,163996.19,172205.57,169426.61,105017.74,118674.29,131435.65,146899.83,164944.26,179951.98,196099.18,213893.47,230367.22,245949.74,241894.13,"73,78","74,28",68.36,68.91,69.36,69.98,70.73,71.24,71.73,72.39,"72,38",6.95,8.02,6.65,7.02,6.5,6.89,5.09,5.58,5.66,5.38,6.88,6.96,3.79,4.3,8.38,8.36,3.35,3.02,3.61,3.13,2.72,1.68,"9,50","9,04","8,19","7,56",6.89,6.71,7.14,6.75,6.55,6.42,6.28,940000,1055000,1150000,1350000,1490000,1615000,1800725,1949285,2119067,2289220,2484041
Riau,69701.03,71637.89,72396.34,72297.05,72390.88,70769.78,70569.36,70740.43,70736.77,72509.14,76884.74,69701.03,84811.19,94996.15,100691.44,109784.64,102887.81,104861.11,105844.77,110384.9,111227.01,114166.9,388578.23,410215.84,425626,436187.51,447986.78,448991.96,458769.34,470983.51,482064.63,495607.05,489995.75,388578.23,485649.34,558492.72,607498.45,679395.86,652761.63,681699.03,704705.03,752263.07,760247.51,727599.47,"76,07","76,53",69.15,69.91,70.33,70.84,71.2,71.79,72.44,73,"72,71",8.72,6.09,4.37,5.48,6.56,7.83,7.43,6.22,5.98,5.76,6.32,6.96,3.79,4.3,8.38,8.36,3.35,3.02,3.61,3.13,2.72,1.68,"8,65","8,47","8,22","8,42",7.99,8.82,7.67,7.41,7.21,7.08,6.82,1016000,1120000,1238000,1400000,1700000,1878000,2095000,2266723,2464154,2662026,2888564
Jambi,29160.16,30856.66,32417.72,34012.1,35878.09,36753.52,37728.8,38833.87,40025.52,41812.35,41926.04,29160.16,32682.04,35657.57,39553.64,43300.3,45580.04,49494.98,53993.4,58224.89,60828.86,57957.73,90618.41,97740.87,104615.08,111766.13,119991.44,125037.4,130501.13,136501.71,142902,149111.09,148354.25,90618.41,103522.91,115070.4,129976.04,144814.42,155065.66,171199.47,189787.72,207878.69,216927.71,205081.99,"72,74","73,30",66.94,67.76,68.24,68.89,69.62,69.99,70.65,71.26,"71,29",5.39,4.63,3.2,4.76,5.08,4.34,4,3.87,3.73,4.06,5.13,6.96,3.79,4.3,8.38,8.36,3.35,3.02,3.61,3.13,2.72,1.68,"8,34","8,65","8,42","8,42",8.39,9.12,8.37,7.9,7.85,7.6,7.58,900000,1028000,1142500,1300000,1502300,1710000,1906650,2063949,2243719,2423889,2630162
Sumatera Selatan,25932,27157.98,28577.89,29656.76,30636.27,31549.3,32699.5,34059.71,35659.82,37125.75,37323.24,25932,29830.37,32830.49,35810.16,38584.88,41201.28,43361.26,46315.05,50104.67,53359.1,53842.74,194012.97,206360.7,220459.2,232175.05,243297.77,254044.88,266857.4,281571.01,298484.07,315464.75,315129.22,194012.97,226666.93,253265.12,280348.46,306421.6,331765.7,353866.96,382885.7,419392.16,453402.71,454607.4,"72,95","73,42",65.79,66.16,66.75,67.46,68.24,68.86,69.39,70.02,"70,01",6.65,6.6,5.66,4.84,4.96,6.07,4.31,4.39,4.27,4.53,5.51,6.96,3.79,4.3,8.38,8.36,3.35,3.02,3.61,3.13,2.72,1.68,"15,47","14,24","13,78","14,06",13.62,13.77,13.39,13.1,12.82,12.71,12.66,927825,1048440,1195220,1630000,1825000,1974346,2206000,2388000,2595995,2804453,3043111
Bengkulu,16463.68,17282.27,18143.51,18919.3,19626.72,20302.48,21039.84,21751.64,22494.84,23504.53,23105.92,16463.68,18368.8,20298.91,22358.05,24604.4,26845.61,29076.22,31359.48,33822.13,36565.29,36552.5,28352.57,30295.05,32363.04,34326.37,36207.15,38066.01,40076.54,42073.52,44164.11,46345.45,46338.43,28352.57,32199.71,36207.68,40565.49,45389.9,50334.02,55384.17,60657.68,66402.99,72098.24,73305.27,"72,92","73,40",66.61,67.5,68.06,68.59,69.33,69.95,70.64,71.21,"71,40",4.59,3.46,3.62,4.61,3.47,4.91,3.3,3.74,3.35,3.26,4.07,6.96,3.79,4.3,8.38,8.36,3.35,3.02,3.61,3.13,2.72,1.68,"18,30","17,50","17,70","17,75",17.09,17.16,17.03,15.59,15.41,15.23,15.03,780000,815000,930000,1200000,1350000,1500000,1605000,1737413,1888741,2040407,2213604
Lampung,19722.39,20739.31,21794.83,22770.68,23647.27,24581.78,25568.57,26614.88,27736.26,28894.5,26746.64,19722.39,21981.47,23910.84,25768.94,28755.17,31153.72,34053.97,36998.32,39716.46,42172.32,39290.33,150560.84,160437.5,170769.21,180620.01,189797.49,199536.92,209793.73,220626.1,232165.99,244378.31,240319.59,150560.84,170046.79,187348.82,204402.64,230794.45,252883.1,279417.62,306700.43,332446.07,356676.83,353025.09,"71,42","71,94",64.87,65.73,66.42,66.95,67.65,68.25,69.02,69.57,"69,69",5.57,6.38,5.2,5.69,4.79,5.14,4.62,4.33,4.04,4.03,4.67,6.96,3.79,4.3,8.38,8.36,3.35,3.02,3.61,3.13,2.72,1.68,"18,94","16,93","16,18","14,39",14.21,13.53,13.86,13.04,13.01,12.62,12.34,767500,855000,975000,1150000,1399037,1581000,1763000,1908448,2074673,2241270,2432002
Kepulauan Bangka Belitung,28906.78,30212.18,31172.42,32081.3,32859.64,33480.38,34132.87,34933.52,35762.04,37173.14,36307.61,28906.78,32465.38,35288.32,38314.56,41948.37,44425.08,46402.47,48827.25,50081.95,52232.8,52023.4,35561.9,38013.99,40104.91,42190.86,44159.44,45962.3,47848.37,49985.15,52208.04,53941.9,52705.94,35561.9,40849.04,45400.23,50388.36,56373.62,60987.32,65048.23,69865.21,73113.28,75794.96,75519.77,"72,86","73,37",67.21,67.92,68.27,69.05,69.55,69.99,70.67,71.3,"71,47",5.63,3.86,3.43,3.65,5.14,6.29,2.6,3.78,3.61,3.58,5.25,6.96,3.79,4.3,8.38,8.36,3.35,3.02,3.61,3.13,2.72,1.68,"6,51","5,75","5,53","5,25",4.97,4.83,5.04,5.3,4.77,4.62,4.53,910000,1024000,1110000,1265000,1640000,2100000,2341500,2534674,2755444,2976706,3230024
Kepulauan Riau,65703.34,68024.21,70930,73743.33,76313.81,78625.43,80295.6,79743.68,81206.2,81138.52,85012.58,65703.34,72571.75,80240.25,87710.29,94335.33,101148.53,106503.78,109332.85,116461.4,119394.66,123464.79,111223.67,118961.42,128034.97,137263.85,146325.23,155131.35,162853.04,166081.68,173498.75,181877.67,174959.21,111223.67,126914.2,144840.79,163261.57,180879.98,199570.39,216007.66,227706.88,248822.23,267631.48,254095.35,"75,07","75,78",72.36,73.02,73.4,73.75,73.99,74.45,74.84,75.48,"75,59",6.9,5.38,5.08,5.63,6.69,6.2,7.69,7.16,8.04,7.5,10.34,6.96,3.79,4.3,8.38,8.36,3.35,3.02,3.61,3.13,2.72,1.68,"8,05","7,40","7,11","6,35",6.40,5.78,5.84,6.13,5.83,5.9,5.92,925000,975000,1015000,1365087,1665000,1954000,2178710,2358454,2563875,2769754,3005460
DKI Jakarta,111528.86,117672.92,123962.38,130060.31,136312.34,142913.61,149831.9,157636.6,165768.99,174812.51,170089.02,111528.86,125533.82,138858.29,155153.92,174914.36,195431.68,210075.09,228002.73,247678.49,268052.25,262615.17,1075183.48,1147558.23,1222527.92,1296694.57,1373389.13,1454563.85,1539916.88,1635359.15,1735208.29,1836240.55,1792291.09,1075183.48,1224218.48,1369432.64,1546876.49,1762316.4,1989088.75,2159073.6,2365353.85,2592606.57,2815636.16,2767273.49,"77,60","77,97",77.53,78.08,78.39,78.99,79.6,80.06,80.47,80.76,"80,77",11.05,11.69,9.67,8.63,8.47,7.23,6.12,7.14,6.65,6.54,10.95,6.96,3.79,4.3,8.38,8.36,3.35,3.02,3.61,3.13,2.72,1.68,"3,48","3,75","3,69","3,72",4.09,3.61,3.75,3.78,3.55,3.47,4.53,1118009,1290000,1529150,2200000,2441000,2700000,3100000,3355750,3648036,3940973,4276350
Jawa Barat,20974.94,21976.53,23036,24118.31,24966.86,25845.5,26923.51,27970.92,29160.06,30413.37,30180.54,20974.94,23251.17,25272.29,27767.25,30107.21,32648.02,34893.62,37223.11,40272.64,43309.19,43236.51,906685.76,965622.06,1028409.74,1093543.55,1149216.06,1207232.34,1275619.24,1343662.14,1419624.14,1490959.69,1453380.72,906685.76,1021628.6,1128245.68,1258989.33,1385825.08,1524974.83,1653238.4,1788117.36,1960627.65,2123153.71,2082107.26,"72,29","72,73",67.32,68.25,68.8,69.5,70.05,70.69,71.3,72.03,"72,09",10.33,9.96,9.08,9.16,8.45,8.72,8.89,8.22,8.23,8.04,10.46,6.96,3.79,4.3,8.38,8.36,3.35,3.02,3.61,3.13,2.72,1.68,"11,27","10,65","10,09","9,61",9.18,9.57,8.77,7.83,7.25,6.91,7.88,671500,732000,780000,850000,1000000,1000000,2250000,1420624,1544361,1668373,1810351
Jawa Tengah,19209.31,20053.8,20950.62,21844.87,22819.16,23887.06,24959.49,26088.91,27285.25,28695.92,26483.68,19209.31,21162.83,22865.43,24952.13,27517.84,29933.75,31961.95,34234.31,36770.96,39388.15,36964.78,623224.62,656268.13,691343.12,726655.12,764959.15,806765.09,849099.35,893750.3,941091.14,991516.54,965227.27,623224.62,692561.63,754529.44,830016.02,922471.18,1010986.64,1087316.7,1172794.52,1268261.17,1360960.13,1347222.49,"72,49","72,94",67.21,68.02,68.78,69.49,69.98,70.52,71.12,71.73,"71,87",6.21,7.07,5.61,6.01,5.68,4.99,4.63,4.57,4.47,4.44,6.48,6.96,3.79,4.3,8.38,8.36,3.35,3.02,3.61,3.13,2.72,1.68,"16,56","15,76","15,34","14,44",13.58,13.32,13.19,12.23,11.19,10.8,11.41,660000,675000,765000,830000,910000,910000,,1367000,1486065,1605396,1742015
DI Yogyakarta,18652.97,19387.45,20183.88,21037.7,21867.9,22688.36,23565.68,24533.8,25776.31,27008.68,27754.47,18652.97,20333.34,21744.88,23623.92,25526.4,27571.53,29552.53,31664.92,34136.93,36459.73,37693.64,64678.97,68049.87,71702.45,75627.45,79536.08,83474.45,87685.81,92300.24,98024.01,104485.46,101698.52,64678.97,71369.96,77247.86,84924.54,92842.48,101440.52,109962.35,119128.72,129818.36,141047.69,138117.84,"75,77","76,32",76.15,76.44,76.81,77.59,78.38,78.89,79.53,79.99,"79,97",5.69,4.39,3.9,3.24,3.33,4.07,2.72,3.02,3.37,3.18,4.57,6.96,3.79,4.3,8.38,8.36,3.35,3.02,3.61,3.13,2.72,1.68,"16,83","16,08","16,05","15,03",14.55,13.16,13.10,12.36,11.81,11.7,12.28,745694,808000,892660,947114,988500,988500,,1337645,1454154,1570923,1704608
Jawa Timur,26371.1,27864.26,29508.4,31092.04,32703.39,34271.81,35970.78,37724.29,39579.95,41512.2,39686.19,26371.1,29613.05,32770.38,36037.18,39832.68,43541.4,47491.52,51228.45,55410.61,59015.17,56640.82,990648.84,1054401.77,1124464.64,1192789.8,1262684.5,1331376.1,1405563.51,1482299.58,1563441.82,1649895.64,1611392.55,990648.84,1120577.16,1248767.29,1382501.5,1537947.63,1691477.06,1855738.4,2012917.99,2188766.35,2345548.55,2299807.64,"71,62","72,18",66.74,67.55,68.14,68.95,69.74,70.27,70.77,71.5,"71,71",4.25,5.38,4.11,4.3,4.19,4.47,4.21,4,3.91,3.82,5.84,6.96,3.79,4.3,8.38,8.36,3.35,3.02,3.61,3.13,2.72,1.68,"15,26","14,23","13,40","12,73",12.28,12.28,11.85,11.2,10.85,10.37,11.09,630000,705000,745000,866250,1000000,1000000,,1388000,1508895,1630059,1768777
Banten,25397.65,26548.94,27716.47,28910.66,29846.64,30813.03,31781.56,32947.6,34183.75,35913.9,37165.16,25397.65,27977.01,30202.44,32991.61,36629.18,40091.23,42439.73,45275.58,48370.15,52013.99,52729.4,271465.28,290545.84,310385.59,331099.11,349351.23,368377.2,387835.09,410137,433782.71,456620.03,441148.58,271465.28,306174.29,338224.93,377836.08,428740.07,479300.44,517898.34,563597.7,613804.41,661321.34,625895.38,"70,48","70,95",68.92,69.47,69.89,70.27,70.96,71.42,71.95,72.44,"72,45",13.68,13.74,9.94,9.54,9.07,9.55,8.92,9.28,8.47,8.11,10.64,6.96,3.79,4.3,8.38,8.36,3.35,3.02,3.61,3.13,2.72,1.68,"7,16","6,32","5,85","5,89",5.51,5.75,5.36,5.59,5.25,5.09,5.92,955300,1000000,1042000,1170000,1325000,1600000,1784000,1931180,2099385,2267990,2460997
Bali,23992.63,25265.96,26689.58,28129.67,29668.9,31093.61,32689.09,34129.84,35896.35,37297.5,34216.52,23992.63,26433.49,29443.59,33135.15,38099.86,42480.08,46211.04,50167.07,54433.46,57755.96,52015.45,93749.35,99991.63,106951.46,114103.58,121787.57,129126.56,137296.45,144933.31,154072.66,162693.36,147498.94,93749.35,104612.19,117987.4,134407.53,156395.73,176412.67,194089.58,213035.86,233636.77,251934.1,224225.72,"72,28","72,84",71.62,72.09,72.48,73.27,73.65,74.3,74.77,75.38,"75,50",3.06,2.95,2.1,1.83,1.9,1.99,1.89,1.48,1.4,1.57,5.63,6.96,3.79,4.3,8.38,8.36,3.35,3.02,3.61,3.13,2.72,1.68,"4,88","4,20","4,18","4,49",4.76,5.25,4.15,4.14,3.91,3.79,3.78,829316,890000,967500,1181000,1542600,1621172,1807600,1956727,2127157,2297969,2494000
Nusa Tenggara Barat,15527.41,14705.77,14276.69,14809.84,15369.94,18475.14,19305.79,19091.26,18020.5,18219.11,17583.11,15527.41,14879.83,14853.74,15627.57,17097.66,21851.53,23786.95,24986.54,24705.97,25716.11,25183.56,70122.73,67379.14,66340.81,69766.71,73372.96,89337.99,94524.29,94608.21,90349.13,93872.44,93288.87,70122.73,68176.69,69022.23,73618.88,81620.73,105664.74,116464.76,123822.76,123868.02,132500.1,133613.74,"65,20","66,23",62.98,63.76,64.31,65.19,65.81,66.58,67.3,68.14,"68,25",5.29,5.25,5.23,5.3,5.75,5.69,3.94,3.32,3.58,3.28,4.22,6.96,3.79,4.3,8.38,8.36,3.35,3.02,3.61,3.13,2.72,1.68,"21,55","19,73","18,63","17,25",17.05,16.54,16.02,15.05,14.63,14.56,13.97,890775,950000,1000000,1100000,1210000,1330000,1482950,1631245,1825000,2012610,2183883
Nusa Tenggara Timur,9316.79,9675.89,10030.98,10396.76,10742.32,11087.91,11468.79,11863.41,12273.85,12761.98,12960.95,9316.79,10194.01,11268.85,12379.02,13599.73,14867.16,16093.51,17165.45,18417.54,19630.02,20056.99,43846.61,46334.13,48863.19,51505.19,54107.97,56770.79,59678.01,62725.41,65929.19,69389.02,68809.61,43846.61,48815.24,54893.15,61325.26,68500.43,76120.79,83742.79,90758.93,98930.19,106731.76,106482.45,"67,26","67,75",60.81,61.68,62.26,62.67,63.13,63.73,64.39,65.23,"65,19",3.34,3.11,3.04,3.25,3.26,3.83,3.25,3.27,2.85,3.14,4.28,6.96,3.79,4.3,8.38,8.36,3.35,3.02,3.61,3.13,2.72,1.68,"23,03","21,23","20,88","20,24",19.60,22.58,22.01,21.38,21.03,21.09,20.9,800000,850000,925000,1010000,1150000,1250000,1425000,1525000,1660000,1795000,1950000
Kalimantan Barat,19510.07,20227.16,21062.22,21971.93,22712.65,23456.52,24308.85,25198.01,26110.57,27199.78,24953.61,19510.07,21548.09,23427.05,25561.5,28062.48,30619.33,33190.65,35984.53,38814.73,42045.41,39622.24,86065.85,90797.59,96161.93,101980.34,107114.96,112346.76,118183.27,124289.17,130596.32,137243.09,134743.38,86065.85,96727.13,106958.8,118640.96,132345.29,146653.55,161364.24,177493.65,194138.22,212150.33,213950.35,"69,15","69,66",63.41,64.3,64.89,65.59,65.88,66.26,66.98,67.65,"67,66",4.62,4.6,3.54,3.99,4.04,5.15,4.23,4.36,4.18,4.35,5.81,6.96,3.79,4.3,8.38,8.36,3.35,3.02,3.61,3.13,2.72,1.68,"9,02","8,60","8,17","8,74",8.07,8.44,8.00,7.86,7.37,7.49,7.17,741000,802500,900000,1060000,1380000,1560000,1739400,1882900,2046900,2211500,2399699
Kalimantan Tengah,25455.05,26588.9,27749.01,29106.4,30216.73,31619.18,32899.58,34370.63,35548.43,37870.47,37148.73,25455.05,28952.94,31515.97,34367.34,36842.26,40105.06,43905.33,48293.22,52107.23,56625.38,57145.08,56531.02,60492.93,64649.17,69410.99,73724.52,78890.97,83900.24,89544.9,94566.25,100349.29,98933.61,56531.02,65871.41,73425.38,81956.92,89889.88,100063.52,111967.02,125817.07,138616.13,150046.1,152187.39,"74,64","75,06",66.66,67.41,67.77,68.53,69.13,69.79,70.42,70.91,"71,05",4.14,3.54,3.14,3,3.24,4.54,4.82,4.23,3.91,4.04,4.58,6.96,3.79,4.3,8.38,8.36,3.35,3.02,3.61,3.13,2.72,1.68,"6,77","6,56","6,51","6,23",6.07,5.91,5.36,5.26,5.1,4.98,4.82,986590,1134580,1327459,1553127,1723970,1896367,2057558,2227307,2421305,2663435,2903145
Kalimantan Selatan,23418.47,24567.52,25547.77,26423.9,27220.27,27786.68,28540.05,29578.79,30614.85,31611.46,32212.3,23418.47,26594.38,28197.08,30058.02,32599.83,34351.69,36022.98,38619.54,41046.28,42823.56,44100.79,85305,91252.13,96697.84,101850.54,106779.4,110863.12,115743.57,121858.52,128052.58,133283.85,130864.32,85305,98780.55,106725.43,115858.2,127882.28,137056.12,146090.43,159104.55,171684.06,180557.64,179162.02,"69,92","70,44",66.68,67.17,67.63,68.38,69.05,69.65,70.17,70.72,"70,91",5.25,6.29,5.19,3.66,3.8,4.92,5.45,4.77,4.35,4.18,4.74,6.96,3.79,4.3,8.38,8.36,3.35,3.02,3.61,3.13,2.72,1.68,"5,21","5,29","5,06","4,76",4.81,4.72,4.52,4.7,4.65,4.55,4.38,1024500,1126000,1225000,1337500,1620000,1870000,2085050,2258000,2454671,2651782,2877449
Kalimantan Timur,116946.31,121196.23,124501.88,133868.68,133086.11,128603.13,125385.5,126625.19,127354.19,134410.55,125764.53,116946.31,140229.63,145998.48,158472.71,157399.96,147405.43,145343.19,165546.62,174164.82,180259.1,161798.85,418211.58,445264.42,469646.25,438532.91,446029.05,440676.36,439003.83,452741.91,464694.43,486523.18,472393.33,418211.58,515191.48,550735.76,519131.87,527515.26,505105.06,508880.24,591903.49,635498.68,652480.26,607744.49,"75,56","76,22",72.62,73.21,73.82,74.17,74.59,75.12,75.83,76.61,"76,24",10.1,11.43,9.02,7.95,7.38,7.5,7.95,6.91,6.41,5.94,6.87,6.96,3.79,4.3,8.38,8.36,3.35,3.02,3.61,3.13,2.72,1.68,"7,66","6,77","6,68","6,38",6.31,6.10,6.00,6.08,6.06,5.94,6.1,1002000,1084000,1177000,1752073,1886315,2026126,2161253,2339556,2543332,2747561,2981379
Kalimantan Utara,,,,74106.93,77152.6,76823.46,76635.46,78918.57,80204.84,88299.52,86823.59,,,,88415.13,95734.77,96150.38,99112.33,111318.54,119413.88,138751.01,143533.29,,,,44091.7,47696.35,49315.75,51064.74,54537.31,57459.31,61417.79,60746.21,,,,52604.7,59184,61722.39,66041.81,76927.57,85548.94,96509.93,100423.21,,,,67.99,68.64,68.76,69.2,69.84,70.56,71.15,"70,63",,,,,,5.68,5.23,5.54,5.11,4.49,4.97,6.96,3.79,4.3,8.38,8.36,3.35,3.02,3.61,3.13,2.72,1.68,,,,,,6.32,6.99,6.96,6.86,6.63,6.8,,,,,,2026126,2175340,2354800,2559903,2765463,3000804
Sulawesi Utara,22707.79,23812.97,25145.96,26445.86,27805.52,29196.47,30679.97,32297.08,33911.61,35687.44,33670.44,22707.79,24867.95,27373.41,30121.09,33800.17,37786.58,41246.25,44744.2,48105.41,52173.02,50521.13,51721.33,54910.9,58677.59,62422.5,66360.76,70425.33,74764.66,79484.03,84249.72,89009.26,88126.37,51721.33,57343.6,63875.31,71097.46,80667.63,91145.68,100513.84,110116.73,119512.68,130126.51,132230.06,"76,09","76,54",69.04,69.49,69.96,70.39,71.05,71.66,72.2,72.99,"72,93",9.61,10.1,7.98,6.79,7.54,9.03,6.18,7.18,6.61,6.01,7.37,6.96,3.79,4.3,8.38,8.36,3.35,3.02,3.61,3.13,2.72,1.68,"9,10","8,51","8,18","8,50",8.26,8.98,8.20,7.9,7.59,7.66,7.62,1000000,1050000,1250000,1550000,1900000,2150000,2400000,2598000,2824286,3051076,3310723
Sulawesi Tengah,19558.53,21105.7,22724.47,24490.98,25316.27,28778.64,31151.08,32860.48,39049.35,42054.5,45052.32,19558.53,22547.48,25421.64,28663.64,31874.69,37394.89,41082.04,45157.28,55518.66,61056.03,66306.27,51752.07,56833.83,62249.53,68219.32,71677.53,82787.2,91014.56,97474.86,117555.83,127935.06,134152.69,51752.07,60716.29,69637.92,79842.22,90246.27,107573.47,120030.01,133951.16,167135.77,185740.09,197440.78,"71,14","71,62",65,65.79,66.43,66.76,67.47,68.11,68.88,69.5,"69,55",4.61,6.78,3.95,4.19,3.68,4.1,3.29,3.81,3.37,3.11,3.77,6.96,3.79,4.3,8.38,8.36,3.35,3.02,3.61,3.13,2.72,1.68,"18,07","15,83","15,40","14,32",13.61,14.07,14.09,14.22,13.69,13.48,12.92,777500,827500,885000,995000,1250000,1500000,1670000,1807775,1965232,2123040,2303711
Sulawesi Selatan,21306.72,22769.19,24507.17,26083.42,27749.47,29435.92,31302.53,33234.11,35243.64,37474.29,36246.26,21306.72,24311.67,27670.91,31027.93,35344.88,39950.48,43817.39,47822.11,52642.08,57182.14,55675.03,171740.74,185708.47,202184.59,217589.13,233988.05,250802.99,269401.31,288814.17,309156.19,330506.38,328154.57,171740.74,198289.08,228285.47,258836.42,298033.8,340390.21,377108.91,415588.2,461774.74,504320.73,504052.53,"71,62","72,14",67.26,67.92,68.49,69.15,69.76,70.34,70.9,71.66,"71,93",8.37,8.13,6.01,5.1,5.08,5.95,4.8,5.61,4.94,4.62,6.31,6.96,3.79,4.3,8.38,8.36,3.35,3.02,3.61,3.13,2.72,1.68,"11,60","10,29","10,11","10,32",9.54,10.12,9.24,9.48,8.87,8.69,8.72,1000000,1100000,1200000,1440000,1800000,2000000,2250000,2435625,2647767,2860382,3103800
Sulawesi Tenggara,21573.11,23338.07,25489.79,26815.36,27896.05,29202.7,30476.39,31894.42,33278.66,35309.9,35708.6,21573.11,24302.1,27582.58,29641.12,32115.83,35092.25,38022.13,41278.78,44492.09,48514.15,49718.15,48401.15,53546.69,59785.4,64268.71,68291.78,72993.33,77745.51,83001.69,88310.05,94053.52,93445.72,48401.15,55758.55,64693.98,71041.25,78622.15,87714.48,96994.76,107423.45,118066.61,129225.15,130107.27,"70,00","70,55",67.07,67.55,68.07,68.75,69.31,69.86,70.61,71.2,"71,45",4.61,4.69,4.14,4.38,4.43,5.55,2.72,3.3,3.19,3.52,4.58,6.96,3.79,4.3,8.38,8.36,3.35,3.02,3.61,3.13,2.72,1.68,"17,05","14,56","13,71","13,73",12.77,13.74,12.77,11.97,11.32,11.24,11,860000,930000,1032300,1125207,1400000,1652000,1850000,2002625,2177052,2351870,2552015
Gorontalo,14811.95,15687.65,16650.27,17639.12,18622.44,19474.13,20427.46,21477.78,22538.55,24167.56,24313.38,14811.95,16381.67,18207.86,20154.35,22582.5,25143.39,27544.77,29565.12,31827.62,34976.65,35693.26,15475.74,16669.09,17987.07,19367.57,20775.8,22068.8,23507.21,25090.13,26719.27,28429.97,28425.38,15475.74,17406.53,19669.72,22129.28,25193.78,28493.42,31697.56,34537.68,37731.39,41145.45,41729.89,"70,28","70,82",64.16,64.7,65.17,65.86,66.29,67.01,67.71,68.49,"68,68",5.16,6.74,4.47,4.15,4.18,4.65,2.76,4.28,3.7,3.76,4.28,6.96,3.79,4.3,8.38,8.36,3.35,3.02,3.61,3.13,2.72,1.68,"23,19","18,75","17,33","18,01",17.41,18.16,17.63,17.14,15.83,15.52,15.22,710000,762500,837500,1175000,1325000,1600000,1875000,2030000,2206813,2384020,2788826
Sulawesi Barat,14755.47,16023.45,17169.06,18008.81,19232.05,20250.51,21067.91,22001.01,22953.08,24163.56,22666.22,14755.47,17001.85,18688.25,20457.33,23415.05,25728.07,27513.06,29675.86,32059.09,34111.83,32836.75,17183.83,19027.5,20786.89,22227.39,24195.65,25964.43,27524.77,29282.49,31114.14,32843.81,32074.02,17183.83,20189.34,22626.21,25249.49,29458.25,32987.55,35945.2,39497.41,43457.83,46365.79,46465.91,"69,64","70,11",61.01,61.53,62.24,62.96,63.6,64.3,65.1,65.73,"66,11",3.25,3.35,2.16,2.35,2.08,3.35,3.33,3.21,3.01,2.98,3.32,6.96,3.79,4.3,8.38,8.36,3.35,3.02,3.61,3.13,2.72,1.68,"13,58","13,89","13,24","12,23",12.05,11.90,11.19,11.18,11.22,11.02,10.87,944200,1006000,1127000,1165000,1400000,1655500,1864000,2017780,2193530,2381000,2678863
Maluku,11951.84,12477.19,13129.11,13572.07,14219.62,14740.38,15321.18,15942.45,16607.02,17556.86,16688.12,11951.84,13604.41,15418.36,17092.99,19099.98,20365.6,21599.17,22859.29,24268.62,26097.04,25094.36,18428.58,19597.39,21000.08,22100.94,23567.73,24859.2,26284.23,27814.05,29457.13,31049.45,30765.89,18428.58,21367.86,24661.75,27834.44,31656.48,34345.96,37054.41,39881.55,43047.09,46152.82,46263.47,"71,42","71,87",65.43,66.09,66.74,67.05,67.6,68.19,68.87,69.45,"69,49",9.97,10.81,7.71,9.91,10.51,9.93,7.05,9.29,6.95,6.69,7.57,6.96,3.79,4.3,8.38,8.36,3.35,3.02,3.61,3.13,2.72,1.68,"27,74","23,00","21,78","19,27",18.44,19.36,19.26,18.29,17.85,17.69,17.44,840000,900000,975000,1275000,1415000,1650000,1775000,1925000,2222220,2400664,2604961
Maluku Utara,14361.54,14994.63,15691.01,16332.22,16869.52,17533.78,18177.3,19192.97,20309.45,21524.99,21915.03,14361.54,16002.57,17726.06,19230.01,21114.23,22917.73,24580.75,26686.06,29586.12,32124.96,33069.32,14983.91,16002.45,17120.07,18208.74,19208.76,20380.3,21556.68,23210.86,25034.08,26597.55,28031.44,14983.91,17078.14,19340.46,21439.49,24042.08,26638.3,29150.6,32272.57,36468.79,39695.49,42298.87,"69,03","69,47",63.93,64.78,65.18,65.91,66.63,67.2,67.76,68.7,"68,49",6.03,5.34,4.82,3.8,5.29,6.05,4.01,5.33,4.63,4.81,5.15,6.96,3.79,4.3,8.38,8.36,3.35,3.02,3.61,3.13,2.72,1.68,"9,42","9,18","8,47","7,64",7.41,6.22,6.41,6.44,6.62,6.77,6.78,847000,889350,960498,1200622,1440746,1577617,1681266,1975152,2320803,2508091,2721530
Papua Barat,54049.32,54539.86,55047.84,57581.36,59142.59,60064.13,61242.01,62169.96,64499.45,64418.52,54487.7,54049.32,56305.11,58762.56,63984.19,68463.58,72159.85,74584.63,78423.63,84958.03,87542.37,73932.6,41361.67,42867.19,44423.34,47694.23,50259.91,52346.49,54711.28,56907.96,60465.52,62074.52,61604.13,41361.67,44254.64,47421.09,52997.66,58180.96,62888.03,66631.08,71785.93,79644.58,84356.97,83588.64,"69,15","69,65",60.3,60.91,61.28,61.73,62.21,62.99,63.74,64.7,"65,09",7.68,6.73,5.42,4.4,5.02,8.08,7.46,6.49,6.45,6.43,6.8,6.96,3.79,4.3,8.38,8.36,3.35,3.02,3.61,3.13,2.72,1.68,"34,88","31,92","28,20","27,14",26.26,25.73,24.88,23.12,22.66,22.17,21.37,1210000,1410000,1450000,1720000,1870000,2015000,2237000,2421500,2667000,2934500,3134600
Papua,38785.11,36383.24,36280.03,38621.36,39271.88,41376.97,44342.14,45577.05,48069.41,40203.42,32108.51,38785.11,37111.15,37935.01,40513.65,43134.25,47726.07,54002.15,57864.13,63385.68,56618.95,46416.36,110808.18,106066.72,107890.94,117118.82,121391.23,130311.6,142224.93,148818.29,159711.85,134565.89,137787.29,110808.18,108188.76,112812.56,122857.17,133329.98,150307.28,173208.86,188938.08,210600.57,189510.7,199186.57,"64,94","65,36",55.55,56.25,56.75,57.25,58.05,59.09,60.06,60.84,"60,44",3.55,5.02,3.71,3.15,3.44,3.99,3.35,3.62,3,3.51,4.28,6.96,3.79,4.3,8.38,8.36,3.35,3.02,3.61,3.13,2.72,1.68,"36,80","31,98","31,11","31,53",27.80,28.40,28.40,27.76,27.43,27.53,26.64,1316500,1403000,1585000,1710000,2040000,2193000,2435000,2663647,3000000,3240900,3516700
Indonesia,28778.17,30112.37,31519.93,32874.76,34127.72,35161.89,36468.62,37851.37,39340.56,41021.61,39778.68,28778.17,32336.26,35338.48,38632.67,42432.08,45119.61,47937.72,51891.18,55992.07,59317.91,57289.59,6864133.13,7286914.79,7735785.46,8179836.08,8605809.67,8982517.1,9434613.4,9912928.1,10425851.9,10949155.4,10722999.3,6864133.13,7825075.53,8672954.41,9612506.5,10699877.63,11526332.8,12401728.5,13589825.7,14838756,15832657.2,15443353.2,"72,27","72,77",67.7,68.31,68.9,69.55,70.18,70.81,71.39,71.92,"71,94",7.14,7.48,6.13,6.17,5.94,6.18,5.61,5.5,5.3,5.23,7.07,6.96,3.79,4.3,8.38,8.36,3.35,3.02,3.61,3.13,2.72,1.68,"13,33","12,49","11,96","11,47",10.96,11.13,10.70,10.12,9.66,9.41,9.78,908824,988829,1088903,1296908,1584391,1790342,1997819,2142855,2268874,2455662,2672371